domain,stratum
capital.co,Belize
capital.com,Belize
forex.co,Belize
forex.com,Belize
markets.co,Belize
markets.com,Belize
prime.com,Belize
2prime.com,Seychelles
4markets.com,Seychelles
acg-markets.com,Seychelles
b2prime.com,Seychelles
broker.com,Seychelles
brokers.com,Seychelles
capital.io,Seychelles
cg-markets.com,Seychelles
exo-markets.com,Seychelles
fx-edge.com,Seychelles
fx.co,Seychelles
fx.com,Seychelles
fx.gr,Seychelles
gold-touch.io,Seychelles
invest.co,Seychelles
invest.com,Seychelles
investing.co,Seychelles
m4markets.com,Seychelles
markets.global,Seychelles
markets.net,Seychelles
nexo-markets.com,Seychelles
o-markets.com,Seychelles
pocket-trader.com,Seychelles
purple-trading.sc,Seychelles
trader.com,Seychelles
traders-trust.com,Seychelles
trading.com,Seychelles
satay-market.ru,no offshore entity
fbp-capital.pro,no offshore entity
galeon-invest.com,no offshore entity
us-markets.com,no offshore entity
steel-trader.de,no offshore entity
ab-trading.solutions,no offshore entity
nano-prime.pl,no offshore entity
7point2capital.com,no offshore entity
ilearning-forex.info,no offshore entity
a-prime-intl-online-dating.fyi,no offshore entity
bitcoin-invest.cz,no offshore entity
gold-group.gr,no offshore entity
rps-invest.com,no offshore entity
market-shares.com,no offshore entity
17investing.com,no offshore entity
480broker.com,no offshore entity
imran-traders.com,no offshore entity
wh-immobilientreuhand.com,no offshore entity
to-the-capital.su,no offshore entity
encore-invest.net,no offshore entity
invest-tracing.com,no offshore entity
stroy-invest-market.store,no offshore entity
prime-juku.net,no offshore entity
galior-market.ru,no offshore entity
tabak-market.info,no offshore entity
fx8clihdzghxu.com,no offshore entity
broker-buds.com,no offshore entity
currency-exchange24-7-m.pro,no offshore entity
exchange4u.cz,no offshore entity
cotton-prime.de,no offshore entity
market4energy.de,no offshore entity
parfium-market.com,no offshore entity
b2cfd2.top,no offshore entity
maryam-market.com,no offshore entity
g3brokers.com,no offshore entity
a-prime-weight-loss.fyi,no offshore entity
wp-spread.com,no offshore entity
forma-invest.com,no offshore entity
bts-capital-house.ru,no offshore entity
fx-ea-system-project-lp.com,no offshore entity
tradex-markets.com,no offshore entity
fischers-gold.de,no offshore entity
360markets.com,no offshore entity
geld4gold.org,no offshore entity
belcanto-capital.com,no offshore entity
ema-fx.jp,no offshore entity
capital-immobilier.fr,no offshore entity
scientific-exchange.com,no offshore entity
cs-cart-pro-market.store,no offshore entity
td-prime.ru,no offshore entity
a-prime-yelloweyecare-12134.xyz,no offshore entity
blockchain-capital.com,no offshore entity
kb-capital.com,no offshore entity
fais-exchange.co.za,no offshore entity
mm2capital.com,no offshore entity
kaigai-fx-joho.com,no offshore entity
a-prime-online-mba.com,no offshore entity
xn--wh1bu6goxj81gbjb797byqa.com,no offshore entity
a-prime-ur-autos-usados-de-usa.fyi,no offshore entity
kosmetika-online-market.ru,no offshore entity
latouretpetit-invest.be,no offshore entity
pulse-markets.com,no offshore entity
fj56-wh.cn,no offshore entity
wh35.com.cn,no offshore entity
701wh.com,no offshore entity
gp-invest.com,no offshore entity
gold-english.jp,no offshore entity
commodore-trading.com,no offshore entity
astro-capital.org,no offshore entity
a-prime-finasstnc.fyi,no offshore entity
a101-market.com,no offshore entity
futures.com,no offshore entity
avs-gold.de,no offshore entity
piggy-gold.com,no offshore entity
gold-dc-short-term.jp,no offshore entity
gold-publications.com,no offshore entity
ht-traders.com,no offshore entity
joe-trader.com,no offshore entity
trading-bt.com,no offshore entity
invest-tex.ru,no offshore entity
wh.com.cn,no offshore entity
fintech.at,no offshore entity
falcon-traders.com,no offshore entity
capital7co.com,no offshore entity
563capital.com,no offshore entity
trading.lv,no offshore entity
bmw-market.ru,no offshore entity
timofeev-gold.com,no offshore entity
astro-fintech.com,no offshore entity
rfc-forex.ru,no offshore entity
market-smg.ru,no offshore entity
ko-invest.com,no offshore entity
gold-antiques.com,no offshore entity
etf-exchange.com,no offshore entity
broker34.ru,no offshore entity
wood-traders.com,no offshore entity
food-market.hu,no offshore entity
market-erxj.xyz,no offshore entity
broker-uae.com,no offshore entity
3m-market.com,no offshore entity
a-prime-intl-wifi-brdbnd.fyi,no offshore entity
foodies-prime.com,no offshore entity
cage-market.com,no offshore entity
it4market.com,no offshore entity
axess-capital.com,no offshore entity
avenue1capital.com,no offshore entity
sh-invest-ag.com,no offshore entity
517invest.com,no offshore entity
stellazh-market.ru,no offshore entity
meissa-capital.fi,no offshore entity
3bio-invest.com,no offshore entity
prime29steakhouse.com,no offshore entity
revestor-fx.com,no offshore entity
gazprom-investing.biz,no offshore entity
gold.pro,no offshore entity
mycredo-invest.com,no offshore entity
prime-house38.ru,no offshore entity
vio-gold.com,no offshore entity
wh10176.cn,no offshore entity
a-prime-us-newsmile.fyi,no offshore entity
fx-fokion.top,no offshore entity
invest-in-zambia.co,no offshore entity
japan-trading.net,no offshore entity
a-prime-us-televisores-viernes-negro.fyi,no offshore entity
a-prime-fr-suvs.zone,no offshore entity
a-prime-us-air-conditioning.fyi,no offshore entity
cfd.gob.ar,no offshore entity
cfd-trade.live,no offshore entity
gold-price-egypt.com,no offshore entity
bittrust-invest.com,no offshore entity
african-market.shop,no offshore entity
tiger-trading.de,no offshore entity
pm-market.pl,no offshore entity
adria-market.xyz,no offshore entity
one2800capital.com,no offshore entity
investing-cool.pro,no offshore entity
goen-capital.jp,no offshore entity
evolve-market.com,no offshore entity
ups-trader.co.uk,no offshore entity
bybit-exchange.pro,no offshore entity
archeage4gold.com,no offshore entity
tamozhennyj-broker-moskva11.ru,no offshore entity
abi-trading.com,no offshore entity
log-invest.com,no offshore entity
driver-market.com,no offshore entity
1aelr9wh.top,no offshore entity
trade-market.in.ua,no offshore entity
cambridge-capital.net,no offshore entity
lara-invest.sk,no offshore entity
traub-capital.com,no offshore entity
invest-horizon.fr,no offshore entity
example-market-watch.ru,no offshore entity
xn--wh1bt3zwhi9jaw21abucm5b.com,no offshore entity
advanced-freight-trading.com,no offshore entity
pak1trading.com,no offshore entity
24wh.com,no offshore entity
agro-gold.com,no offshore entity
nomade-market.fr,no offshore entity
optimax-prime.com,no offshore entity
european-broker.lu,no offshore entity
forex-broker.name,no offshore entity
h3traders.com,no offshore entity
market4news.com,no offshore entity
bcs-market.com,no offshore entity
bj-trading.asia,no offshore entity
gk-invest.ru,no offshore entity
currency-trading.org,no offshore entity
maximyatsenko-invest.ru,no offshore entity
darknet-mega-market.bond,no offshore entity
bit-fx.online,no offshore entity
gold4change.com,no offshore entity
bakery-swap-exchange.com,no offshore entity
72fx.com,no offshore entity
invest-2-immigrate.com,no offshore entity
hustle4-forex.com,no offshore entity
invest-money-guide.com,no offshore entity
fem-invest.nl,no offshore entity
wealth-traders.com,no offshore entity
maestro-fx.info,no offshore entity
onlines-forex.com,no offshore entity
plf-invest.ch,no offshore entity
wh-dc.com.cn,no offshore entity
wh-observer.de,no offshore entity
jacksonville-sunday-market.com,no offshore entity
criscuolo-broker.it,no offshore entity
relax-market.ru,no offshore entity
forex-tm.com,no offshore entity
invest-gold.pl,no offshore entity
affluence-capital.co.za,no offshore entity
hy-capital.biz,no offshore entity
zfp-gold.cz,no offshore entity
053gold.com,no offshore entity
gold-x.sk,no offshore entity
singapore-forex.com,no offshore entity
market2africa.com,no offshore entity
nikon-fx.de,no offshore entity
ufa-market.ru,no offshore entity
back-market.io,no offshore entity
prime-attractions-and-tours.com,no offshore entity
tera-market.ru,no offshore entity
clh-fx.com,no offshore entity
na-invest-racing.nl,no offshore entity
gold-lot.com,no offshore entity
gold-money.cn,no offshore entity
first-broker.ch,no offshore entity
real-gold.cz,no offshore entity
yubo-securities.com,no offshore entity
a-prime-us-delivery-jobs.fyi,no offshore entity
darknet0markets.com,no offshore entity
room-market.com,no offshore entity
fx-codes.com,no offshore entity
wing-fx.com,no offshore entity
fintech-ri.com,no offshore entity
bt-exchange7.com,no offshore entity
davy-trading.com,no offshore entity
fbs-trading-indonesia.com,no offshore entity
guardian-capital.com,no offshore entity
forex02.ru,no offshore entity
gold-home.bg,no offshore entity
freshmed-market-etterbeek.be,no offshore entity
518waihui.com,no offshore entity
a-prime-us-online-degree.fyi,no offshore entity
kbc-securities.co.uk,no offshore entity
ai-markets.net,no offshore entity
wh-weyhausen.de,no offshore entity
art-fintech.ru,no offshore entity
aspiring-futures.co.uk,no offshore entity
001k-exchange.club,no offshore entity
ingles-markets.com,no offshore entity
1st-trader.com,no offshore entity
prime-seikotsu.jp,no offshore entity
cn-trading.dk,no offshore entity
in-our-prime.com,no offshore entity
eitel-invest.ag,no offshore entity
a-prime-seniorliving-aid.fyi,no offshore entity
a-prime-us-timeshares.fyi,no offshore entity
xn--ebay-t66fx9sgsuhvl.top,no offshore entity
industry-capital.com,no offshore entity
project-prime.gr,no offshore entity
abdullah-traders.org,no offshore entity
mor-capital.com,no offshore entity
fintech-hub.info,no offshore entity
market-financialcontent.com,no offshore entity
uey8wh2c0.net,no offshore entity
waihuiwang.net,no offshore entity
1031exchange.services,no offshore entity
gold-way.info,no offshore entity
akin1forex.org,no offshore entity
bed8fx.shop,no offshore entity
c323capital.com,no offshore entity
amazaan-prime.com,no offshore entity
wh-winkey.cn,no offshore entity
gold-tv.net,no offshore entity
garden-cloud-exchange.com,no offshore entity
capital-cruise.info,no offshore entity
eva-invest.com,no offshore entity
cardano-market.com,no offshore entity
tsk-broker.ru,no offshore entity
tamozhennyj-broker13.ru,no offshore entity
capital-click.org,no offshore entity
equine-exchange.com,no offshore entity
gold-hirsch.at,no offshore entity
market4g.com,no offshore entity
bv-market.com,no offshore entity
maximarkets-forex.net,no offshore entity
re-vi-exchange.com,no offshore entity
6cfd539c214059de70f9b759104419e9.info,no offshore entity
shalomninja-market.su,no offshore entity
wonder-trading.nl,no offshore entity
sima-market.cz,no offshore entity
thai2market.site,no offshore entity
cos-capital.live,no offshore entity
interactive-brokers.com,no offshore entity
mary-gold.com,no offshore entity
7prime.com,no offshore entity
canine-prime.com,no offshore entity
fx-review.xyz,no offshore entity
xn--2i0bm4p0sf2wh.biz,no offshore entity
lasoin-capital.com,no offshore entity
tsunagu-market-kochi.com,no offshore entity
39fx13.vip,no offshore entity
capital-credit.fr,no offshore entity
acm-trading.fi,no offshore entity
science-exchange.com,no offshore entity
play-gold.online,no offshore entity
gold-richter.de,no offshore entity
l-prime.com,no offshore entity
schrader-farms-meat-market.com,no offshore entity
650gold.net,no offshore entity
boss04trader.com,no offshore entity
ace-business-brokers.net,no offshore entity
goldenpeakscapital-investing.com,no offshore entity
358futures.org,no offshore entity
3gold7.com,no offshore entity
prop-broker.com,no offshore entity
raglin-market.com,no offshore entity
leverage.sbs,no offshore entity
amana-invest.com,no offshore entity
ecn-capital.org,no offshore entity
paribury-exchange.review,no offshore entity
thailand-invest.com,no offshore entity
lider-market.ru,no offshore entity
wh7x.com,no offshore entity
real-estate-market-news.com,no offshore entity
3044trading.com,no offshore entity
13exchange.xyz,no offshore entity
re1fx1.group,no offshore entity
unicvv-market.ru,no offshore entity
3h-trading.com,no offshore entity
prestige-invest.com,no offshore entity
gator-gold-gigablox.online,no offshore entity
capital4community.net,no offshore entity
top-market.ma,no offshore entity
prime-perks.com,no offshore entity
rs-prime.com,no offshore entity
cbd-swiss-premium-trading.com,no offshore entity
theme-market.ir,no offshore entity
777trader.net,no offshore entity
capital26.ru,no offshore entity
gold1688.club,no offshore entity
gold.la,no offshore entity
ks-wh.com.cn,no offshore entity
ie-wh.com,no offshore entity
market-spec.com,no offshore entity
exchange-hosting.ca,no offshore entity
broker02.ru,no offshore entity
capital-card.com,no offshore entity
0571wh.com,no offshore entity
global-trading-chiba.com,no offshore entity
e-gold.com,no offshore entity
icm-invest.com,no offshore entity
fx-revenger.com,no offshore entity
bit-market.pro,no offshore entity
010capital.com,no offshore entity
precious-market.com,no offshore entity
a1investing.com,no offshore entity
diplomas-markets.com,no offshore entity
market-yug.ru,no offshore entity
stg-fx.com,no offshore entity
emeraldwisdom-trading.center,no offshore entity
juris-invest.com,no offshore entity
img-fx.app,no offshore entity
k-invest.ch,no offshore entity
invest-steps.com,no offshore entity
prime-net.xyz,no offshore entity
global-market-international.com,no offshore entity
forex-i.ru,no offshore entity
invest.credit,no offshore entity
matrix-trading.com,no offshore entity
1001capital.com,no offshore entity
night-exchange.top,no offshore entity
dtc-capital-city-official.com,no offshore entity
broker6.com,no offshore entity
corporation-market.life,no offshore entity
broker-vergleichen.de,no offshore entity
1866capital.com,no offshore entity
7gold-casino.com,no offshore entity
g-gold.co.jp,no offshore entity
capital-dc.net,no offshore entity
traders-anonymous.com,no offshore entity
evo-markets.com,no offshore entity
coin-invest.ltd,no offshore entity
fair-exchange.com,no offshore entity
investing-africa.com,no offshore entity
pl-trading.co.uk,no offshore entity
mt5.dev,no offshore entity
forex-hft.top,no offshore entity
fx-crypto.org,no offshore entity
fx-online.ru,no offshore entity
customs-broker.com,no offshore entity
moscow-gold-game.ru,no offshore entity
invest-blog.pl,no offshore entity
forex333.tk,no offshore entity
siep-broker.ru,no offshore entity
paluel-marmont-capital.fr,no offshore entity
ao-invest.org,no offshore entity
grande-capital.com,no offshore entity
365gold.com.in,no offshore entity
gold-files.cz,no offshore entity
prime-tracers.app,no offshore entity
prime-plast.net,no offshore entity
climate-invest.org,no offshore entity
gold-trans.cn,no offshore entity
fintech-unige.ch,no offshore entity
northstar-invest.com,no offshore entity
top10forex.info,no offshore entity
1prime-vision.com,no offshore entity
toptools-trading.shop,no offshore entity
afg-market.com,no offshore entity
wh987.com,no offshore entity
math2market.de,no offshore entity
forex-finance.net,no offshore entity
fx681.com,no offshore entity
invest5s.com,no offshore entity
ocean-securities.com,no offshore entity
intelligent-gold-fund.com,no offshore entity
i2020fintech.com,no offshore entity
box-exchange.com,no offshore entity
invest-oda.ck.ua,no offshore entity
gold-hosting.eu,no offshore entity
wh-lz.com,no offshore entity
agil-market.com,no offshore entity
prime-com.jp,no offshore entity
product2market.ie,no offshore entity
capital-aesthetics.co.uk,no offshore entity
a-prime-us-rheumatoid-arthritis-treatment.fyi,no offshore entity
1cfresh-exchange.com,no offshore entity
slide-market.ru,no offshore entity
xau.boutique,no offshore entity
cfd2.net,no offshore entity
kbinvestment-securities.com,no offshore entity
graces-market.com,no offshore entity
fintech-massachusetts-vc3.com,no offshore entity
exchange-solutions.com,no offshore entity
a-prime-yelloweyecare-12112.xyz,no offshore entity
nstein-exchange.net,no offshore entity
origami-invest.immo,no offshore entity
takemi-gold.com,no offshore entity
gold-rangers.com,no offshore entity
riviera-invest.ru,no offshore entity
1802capital.com,no offshore entity
408capital.com,no offshore entity
2nddoor-market.com,no offshore entity
unique-fx.com,no offshore entity
the-mqtt-broker.com,no offshore entity
x9trader.com,no offshore entity
trading-room.eu,no offshore entity
vence-exchange.jp,no offshore entity
city-gold-boerse.de,no offshore entity
best-trading-tools.com,no offshore entity
makers-exchange.com,no offshore entity
mourabitaine-exchange.com,no offshore entity
akhdargeneral-trading.com,no offshore entity
spread.ai,no offshore entity
invest-1x1.de,no offshore entity
classrichtrading-fx.com,no offshore entity
customs-broker-brisbane.com.au,no offshore entity
glue-invest.pl,no offshore entity
305broker.com,no offshore entity
mcp-capital.co.jp,no offshore entity
saga-capital.com,no offshore entity
gold-skin.co.kr,no offshore entity
ledger-market.dk,no offshore entity
blackbull-markets.net,no offshore entity
yeahchain-exchange.com,no offshore entity
20fx.de,no offshore entity
69exchange.xyz,no offshore entity
aurona-capital.de,no offshore entity
bristol-capital.com,no offshore entity
penny-stock-brokers.net,no offshore entity
a-great-buy-gold-coin.fyi,no offshore entity
advertising-broker.com,no offshore entity
1-800-exchange.com,no offshore entity
ares-capital.co.uk,no offshore entity
ntc-market.ru,no offshore entity
biomedical-instruments-trading.com,no offshore entity
capital303asli.biz,no offshore entity
oxford-market.ru,no offshore entity
hipublic-gold.com,no offshore entity
kraken-market.org,no offshore entity
forex-sovetnik.ru,no offshore entity
87fx3xigtkz9v.com,no offshore entity
invest-bohum.com,no offshore entity
as-capital.biz,no offshore entity
bison-invest.fr,no offshore entity
xn--fx-gh4am7z5bb8033f3i9avodhp6j.com,no offshore entity
wh369.com.cn,no offshore entity
wh-sy.com,no offshore entity
liquid-fx.com,no offshore entity
stock-market-tradecraft.com,no offshore entity
equest-invest.com,no offshore entity
antivirus-market.ru,no offshore entity
the-market.one,no offshore entity
fx-swiftexpress.com,no offshore entity
fx-guinnepain.com,no offshore entity
invest-wm.com,no offshore entity
sekabet-prime2026.icu,no offshore entity
gold4ua.com,no offshore entity
gold-collagen.bg,no offshore entity
gn8-invest.at,no offshore entity
arc-invest.com,no offshore entity
optic-gold.com,no offshore entity
prime-wanmeisport.com,no offshore entity
carbon-market.com,no offshore entity
jinrong.group,no offshore entity
hall-capital.com,no offshore entity
abacus--market.org,no offshore entity
as7market.online,no offshore entity
forex-paymentgateway.com,no offshore entity
vitafon-market.ru,no offshore entity
ex-trading-thailand.com,no offshore entity
capital4investments.com,no offshore entity
gold-blitz-slot.com,no offshore entity
stock-trading.education,no offshore entity
shlp-fx.com,no offshore entity
market.land,no offshore entity
lembrege-capital.com,no offshore entity
exchange-projekt.de,no offshore entity
prime-techno.shop,no offshore entity
xn--3899-z55fx19s0bcv0w.hk,no offshore entity
prime-med.de,no offshore entity
089capital.immo,no offshore entity
trading-account.net,no offshore entity
k7wh.com,no offshore entity
blue-diamond-invest.com,no offshore entity
a-prime-in-cheap-real-estate-dubai-hindi.fyi,no offshore entity
alt-prime.com,no offshore entity
bokra-gold.org,no offshore entity
wh-aim4cs.ru,no offshore entity
fx-dns.net,no offshore entity
crypto-lion-invest.com,no offshore entity
g90fl872ys1a3gsoh121fx3575nvx0f4s.org,no offshore entity
prime4x.org,no offshore entity
binaryoptions-trading.online,no offshore entity
code-exchange.org,no offshore entity
vodogrey-market.ru,no offshore entity
be-ir-stock-trading-ok.live,no offshore entity
capital-facility-services.com,no offshore entity
cex-trading.com,no offshore entity
a-prime-us-engineering-degree.fyi,no offshore entity
prime-gate.ru,no offshore entity
market-hall.cz,no offshore entity
tmgm-market.com,no offshore entity
smart-exchange.com.ua,no offshore entity
gk-prime.com,no offshore entity
agency2market.com,no offshore entity
b3fx.com,no offshore entity
a-prime-ca-hair-transplant.zone,no offshore entity
vip-market.ir,no offshore entity
al-market.store,no offshore entity
c96trading.info,no offshore entity
german-gold.de,no offshore entity
gold123.net,no offshore entity
broker-cfd.fr,no offshore entity
abrapp-exchange.com,no offshore entity
unex-capital.com,no offshore entity
dockside22market.com,no offshore entity
fx2ch.net,no offshore entity
s-market.su,no offshore entity
tobacco-market.org,no offshore entity
i-invest.co.id,no offshore entity
ukr-invest.com.ua,no offshore entity
234exchange.com,no offshore entity
3am-capital.com,no offshore entity
amarkets-fx.com,no offshore entity
727capital.com,no offshore entity
athens-invest.ru,no offshore entity
2200market.com,no offshore entity
ar-exchange.org,no offshore entity
be-efts-invest-uk-ok.live,no offshore entity
care-markets.com,no offshore entity
nu2trading.co.za,no offshore entity
1861capital.com,no offshore entity
gold852.cn,no offshore entity
7gold-online.co.uk,no offshore entity
darkweb-market.com,no offshore entity
kawi-trading.de,no offshore entity
a-prime-checking-account-with-bonus.zone,no offshore entity
1700trading.com,no offshore entity
ethnic-market.com,no offshore entity
apex-invest.com,no offshore entity
btc-fx.fun,no offshore entity
gold-anlagechancen.de,no offshore entity
amplifi-capital.com,no offshore entity
best-trading-journal.com,no offshore entity
unique-securities-private.com,no offshore entity
timber-market.com.cn,no offshore entity
a-prime-br-hipotecas.fyi,no offshore entity
capital-yamasei.com,no offshore entity
ai-fintech.co.uk,no offshore entity
xn--fx1000-gb9rp4t.net,no offshore entity
a1f4wh.sbs,no offshore entity
diverse-capital.com,no offshore entity
faktor-fx.com,no offshore entity
quadriga-capital.com,no offshore entity
asis-capital.org,no offshore entity
commax-market.ru,no offshore entity
prime-smart.com,no offshore entity
cgpi-invest.com,no offshore entity
a-fun-cyprus-investing-intl-ok.live,no offshore entity
1970invest.com,no offshore entity
prime-lineplumbing.com,no offshore entity
market-pearls.cam,no offshore entity
bestna-k-gold.com,no offshore entity
sofuto-sm-market.com,no offshore entity
bjj-broker.com,no offshore entity
k1prime.com,no offshore entity
fx-viet.com,no offshore entity
a-prime-us-storage-units.zone,no offshore entity
alphabay-market-linkss.com,no offshore entity
top100fx.com,no offshore entity
connecting-futures.blog,no offshore entity
capital-best.com,no offshore entity
emirates-invest.de,no offshore entity
abacus-market.net,no offshore entity
cambio-trading.group,no offshore entity
trader-murai.com,no offshore entity
prime.net.nz,no offshore entity
empire-invest.ru,no offshore entity
fx-private.com,no offshore entity
11exchange.wiki,no offshore entity
invest2impact.africa,no offshore entity
forex-gump.de,no offshore entity
good-exchange.ru,no offshore entity
capital-bee.com,no offshore entity
anw-trading.com,no offshore entity
world-trader.com,no offshore entity
exchange.to,no offshore entity
trading247.net,no offshore entity
gold113.com,no offshore entity
ranger-gold.com,no offshore entity
remax-market.com,no offshore entity
7-by-24exchange.org,no offshore entity
1n3v1fx4.xyz,no offshore entity
ysf3wh2j.icu,no offshore entity
beststrategies-forex.com,no offshore entity
kalex-capital.com,no offshore entity
a-prime-uk-storage-units.fyi,no offshore entity
aj-invest.com,no offshore entity
economics-exchange.co,no offshore entity
asap-drugs-market.com,no offshore entity
a-prime-housepaintingjobs.fyi,no offshore entity
xn--xmqt82a2wh8vao1ap6w6zgd5hj8ek3ys2b4yvmi3e.xn--ses554g,no offshore entity
invest-eco.ru,no offshore entity
mex-capital.ltd,no offshore entity
pc-part-trader.com,no offshore entity
market7.tech,no offshore entity
789exchange.com,no offshore entity
barrick-gold.website,no offshore entity
pos-gold.com,no offshore entity
hakluyt-capital.com,no offshore entity
market2ai.com.br,no offshore entity
a-prime-in-voipphones.fyi,no offshore entity
kg-blau-gold.de,no offshore entity
burger-trading.nl,no offshore entity
be-trading-onlines-ok.live,no offshore entity
nuvion-capital.com,no offshore entity
gold-tsutsumida.co.jp,no offshore entity
badminton-market.com,no offshore entity
office-market63.ru,no offshore entity
cifia-invest.com,no offshore entity
invest-rost.ru,no offshore entity
top-1000-invest.ru,no offshore entity
unconventional-investing.com,no offshore entity
futures-society.com,no offshore entity
online-trading-16277.bond,no offshore entity
ar-market.com,no offshore entity
invest1to1.com,no offshore entity
21trading.com,no offshore entity
gold-academy.be,no offshore entity
capital-squid.online,no offshore entity
exchange-college.com,no offshore entity
profi-market.cv.ua,no offshore entity
tis-market.com.ua,no offshore entity
cellbiology-trading.com,no offshore entity
00capital.com,no offshore entity
valero-markets.com,no offshore entity
prime-limousines.de,no offshore entity
forex-news.de,no offshore entity
capital-lane.shop,no offshore entity
prime-books.com,no offshore entity
andalos-trading.com,no offshore entity
capitalportfolio-invest.org,no offshore entity
factotum-prime.co.uk,no offshore entity
behsa-trading.com,no offshore entity
bitking-trading.com,no offshore entity
fx.tv,no offshore entity
weavers-capital.com,no offshore entity
satellite-exchange.com,no offshore entity
thc-trader.com,no offshore entity
alfa-capital.pro,no offshore entity
market-tula.ru,no offshore entity
tcn-prime.jp,no offshore entity
fx-forex.net,no offshore entity
fluid-power-exchange.com,no offshore entity
a-prime-in-buy-apartment.fyi,no offshore entity
cc0market.io,no offshore entity
traders-toolkit.com,no offshore entity
connect2capital.com,no offshore entity
immostrat-capital.com,no offshore entity
kabel-market.ru,no offshore entity
farmers-gold.com,no offshore entity
2478fx.com,no offshore entity
jy-trading.com,no offshore entity
capital-a-limited.com,no offshore entity
wasser-broker.de,no offshore entity
saab-capital.com,no offshore entity
remax-capital.com,no offshore entity
cosmo-traders.com,no offshore entity
kusakin-invest.ru,no offshore entity
wh1spers.com,no offshore entity
capital-top-fundfocusai.sbs,no offshore entity
rom1capital.com,no offshore entity
baltica-invest.com,no offshore entity
q-market.ru,no offshore entity
forex4you8.org,no offshore entity
1win-casino-fx9a.buzz,no offshore entity
caa-invest.com,no offshore entity
aggregator-fx.ru,no offshore entity
prime-park.de,no offshore entity
bubble-saga-gold.net,no offshore entity
invest-protect-insure.co.uk,no offshore entity
mkt-trading.com,no offshore entity
universal-market.com,no offshore entity
fx-net.de,no offshore entity
craveworthy-invest.co,no offshore entity
capital-biodiversity.eu,no offshore entity
swing-trade-futures.com,no offshore entity
volume-trader.pro,no offshore entity
bm-exchange.xyz,no offshore entity
art-on-gold.ru,no offshore entity
chmc-wh.com,no offshore entity
fx-kabu-toshi.com,no offshore entity
pwa-market.fun,no offshore entity
fx-chart.info,no offshore entity
iq5spread.live,no offshore entity
market1easy.com,no offshore entity
portal-forex.ru,no offshore entity
personal-capital.com,no offshore entity
rcp-invest.com,no offshore entity
avatrade-trading.co.za,no offshore entity
markets.house,no offshore entity
contrada-capital.ru,no offshore entity
jefferson-capital.ae,no offshore entity
aic-gold.com,no offshore entity
bulvar-market.ru,no offshore entity
capital-verner-investissements.com,no offshore entity
market-expansion-services.com.cn,no offshore entity
market-fachowiec.pl,no offshore entity
gold-ssc.de,no offshore entity
cr3capital.org,no offshore entity
okko-fx.com,no offshore entity
fx163.net.cn,no offshore entity
jyousyou-trader.com,no offshore entity
fx-review.ru,no offshore entity
anae-capital.fr,no offshore entity
belajar-forex.online,no offshore entity
equine-trader.com,no offshore entity
asc-trading.de,no offshore entity
forex-start.com,no offshore entity
mainline-gold.com,no offshore entity
bc6000prime.com,no offshore entity
be-a-cyprus-investing-intl-new.live,no offshore entity
go-fx.com,no offshore entity
discover-capital.com,no offshore entity
carbon-market.world,no offshore entity
30market.shop,no offshore entity
ayko-trading.com,no offshore entity
invest-marafon.ru,no offshore entity
xn--fhqrlhp454a66ciueqwae0fx9u444bvj7c.net,no offshore entity
plus500-trading.co.za,no offshore entity
market-ology.com,no offshore entity
east-european-market.co.uk,no offshore entity
kts-invest.com,no offshore entity
v-d-capital.com,no offshore entity
11wh.com,no offshore entity
1fx.site,no offshore entity
handi-market.com,no offshore entity
gold777.cn,no offshore entity
investmath-capital.com.cn,no offshore entity
atieh-broker.com,no offshore entity
osterburg-trading.eu,no offshore entity
kw303gold.com,no offshore entity
aquila-markets.com,no offshore entity
gold-excasino.fr,no offshore entity
takeprofit-trader.com,no offshore entity
screen-fx.net,no offshore entity
onboard-trading.com,no offshore entity
dickerson-market.com,no offshore entity
fantasy-market.ru,no offshore entity
wakayama-gold.com,no offshore entity
forex-deutsch.uno,no offshore entity
bm7trading.com,no offshore entity
standard-exchange-industry.com,no offshore entity
reha-prime.ch,no offshore entity
regalo-capital.am,no offshore entity
invest4fire.nl,no offshore entity
mm2market.com,no offshore entity
werdna-fx.com,no offshore entity
cfd210hd.me,no offshore entity
fx-setuzei.com,no offshore entity
leverage-moz.com,no offshore entity
c-fx.biz,no offshore entity
collectibles-markets.info,no offshore entity
carronade-capital.org,no offshore entity
lc-fx10.com,no offshore entity
flamingo-market.de,no offshore entity
fx-scalping.com,no offshore entity
kavoda-invest.com,no offshore entity
invest4you.pl,no offshore entity
broker-torgi.ru,no offshore entity
g1xr1ueg60f10yu185fx2106u0c2kpi7s.org,no offshore entity
fx2k.net,no offshore entity
sh-trading.no,no offshore entity
capital-seguro.pt,no offshore entity
fx-teaena.com,no offshore entity
coca-cola-market.store,no offshore entity
200-invest.com,no offshore entity
lucky-capital.site,no offshore entity
308fx.co.uk,no offshore entity
blueskyjp-trading.com,no offshore entity
gets-gold.com,no offshore entity
prime-comfort.jp,no offshore entity
forex-investindo.com,no offshore entity
capital-emergence.ch,no offshore entity
pegas-market.ru,no offshore entity
seaside-capital.com,no offshore entity
gold-age-shop.com,no offshore entity
brand-new-trading.com,no offshore entity
prime23.de,no offshore entity
caravan-trading.dk,no offshore entity
art-market.dk,no offshore entity
murawski-invest.pl,no offshore entity
gold-campaign.jp,no offshore entity
alter-capital.com,no offshore entity
broker-online.eu,no offshore entity
real-market.kr,no offshore entity
broker.life,no offshore entity
match-prime.com,no offshore entity
te-trader.com,no offshore entity
helm-trading.com,no offshore entity
15prime.com,no offshore entity
a-prime-in-work-from-home.fyi,no offshore entity
smart-trading.ru,no offshore entity
trend-trading-system.de,no offshore entity
market-24.hu,no offshore entity
rc-invest.com,no offshore entity
prime-realty.ru,no offshore entity
2024gold2.click,no offshore entity
wir-broker.ch,no offshore entity
baumbach-market.com,no offshore entity
market-trace.com,no offshore entity
cfd8.com,no offshore entity
fx-hikakunavi.net,no offshore entity
bellacasa-invest.com,no offshore entity
charcoal-gold.com,no offshore entity
prime-mobility.at,no offshore entity
pro-invest.ca,no offshore entity
gold-calculator.live,no offshore entity
patent-prime.com,no offshore entity
sk-invest.com,no offshore entity
r4i-gold-3ds.com,no offshore entity
loan-broker.com,no offshore entity
1031exchange.link,no offshore entity
tierarzt-gold.de,no offshore entity
ws-invest.de,no offshore entity
kapital4traders.com,no offshore entity
texas-health-exchange.org,no offshore entity
kredo-invest.com.ua,no offshore entity
anv-invest.com,no offshore entity
gold-dining.com,no offshore entity
hend-trading.nl,no offshore entity
alpakas-market.com,no offshore entity
t8traders.com,no offshore entity
case-traders.com,no offshore entity
simple-fx.jp,no offshore entity
capital-market.mn,no offshore entity
o7fintech.com,no offshore entity
ar2capital.com,no offshore entity
4invest.eu,no offshore entity
market2gov.com,no offshore entity
bel-market.by,no offshore entity
mgl-gold.jp,no offshore entity
aldekoa-invest.com,no offshore entity
prime-time-sk.ru,no offshore entity
crowd-futures.com,no offshore entity
ask4prime.nyc,no offshore entity
france-forex.eu,no offshore entity
gold-clean.de,no offshore entity
wh-hw.com,no offshore entity
quill-capital.com,no offshore entity
g6scu76bk4y36x8fx0hi4h18epx26433s.org,no offshore entity
fx-masterclass.com,no offshore entity
klondike-gold.com,no offshore entity
apriori-invest.ru,no offshore entity
prime-do.com,no offshore entity
450capital.com,no offshore entity
miko-trading.no,no offshore entity
drisk-fx.com,no offshore entity
gj1qi76wl9xz56v9408ruwo30995wh0cs.org,no offshore entity
pro-trading.com,no offshore entity
digital-arts-fx.com,no offshore entity
bwf-trading.com,no offshore entity
ac-trading.shop,no offshore entity
mos-market.ru,no offshore entity
spread.site,no offshore entity
a-prime-investment-visas-saudi-arabia.zone,no offshore entity
hevron-capital.com,no offshore entity
wh-sinobest.com,no offshore entity
gold-celector.pics,no offshore entity
mapletree-capital.com,no offshore entity
475capital.com,no offshore entity
prime-moving.com,no offshore entity
market-bonus.com,no offshore entity
arfina-capital.com,no offshore entity
gold-cosmetica.com,no offshore entity
wh400.com.cn,no offshore entity
aka-trading.com,no offshore entity
4trader.net,no offshore entity
food-exchange.co.jp,no offshore entity
kizuna-capital.com,no offshore entity
atelier-capital-humain.com,no offshore entity
gold-dot.com,no offshore entity
1875capital.com,no offshore entity
tsujido-local-market.com,no offshore entity
gold-spoon.shop,no offshore entity
khipu-capital.com,no offshore entity
algo-forex.trade,no offshore entity
poppers-gold.ru,no offshore entity
overseas-forex.net,no offshore entity
strategy-forex.ru,no offshore entity
prime-defi.com,no offshore entity
gold-mines.net,no offshore entity
kvetta-market.ru,no offshore entity
3fx-media.de,no offshore entity
capital-host.foundation,no offshore entity
darkode-market.com,no offshore entity
casual-gold.com,no offshore entity
broker-tochka.ru,no offshore entity
shop-market.org.ua,no offshore entity
cocoa-prime.com,no offshore entity
galileo-trading.com,no offshore entity
home-invest-immobilien.de,no offshore entity
forex-daytrader.net,no offshore entity
market.cz,no offshore entity
xn--qek188fx4rvj9b.jp,no offshore entity
energy-markets-school.dk,no offshore entity
kurage-investing.com,no offshore entity
tao-securities.com,no offshore entity
power-emini-trading.com,no offshore entity
xau.capital,no offshore entity
athome-invest.com,no offshore entity
kelpie-capital.com,no offshore entity
prime-american.com,no offshore entity
xot-trading.com,no offshore entity
l3capital.nl,no offshore entity
credit-spread.de,no offshore entity
brokers-star.pl,no offshore entity
trinitas-trading.de,no offshore entity
leverage1.click,no offshore entity
market.zero,no offshore entity
detectiv-broker.ro,no offshore entity
afrocaribbean-market.com,no offshore entity
prime-ink-mannheim.de,no offshore entity
gmtk-fx.com,no offshore entity
fenextor-trust-cfd.org,no offshore entity
a-prime-intl-online-survey.fyi,no offshore entity
forex.de,no offshore entity
timbuktu-trading.com,no offshore entity
capital4it.io,no offshore entity
global-market.site,no offshore entity
cdc-capital.com,no offshore entity
gold-urs.com,no offshore entity
stocks-trading-strategy-and-pattern.com,no offshore entity
a-prime-us-car-donations.fyi,no offshore entity
1963fx.com,no offshore entity
weihrauch-und-gold.de,no offshore entity
present-cfd.info,no offshore entity
js-capital.de,no offshore entity
event-market.pl,no offshore entity
j-market.ru,no offshore entity
ri1031exchange.com,no offshore entity
cfd-contract-for-difference.de,no offshore entity
hs-market.ru,no offshore entity
360market.com.mx,no offshore entity
gold-stake-cazino.shop,no offshore entity
