register,jurisdiction,regulator,category,register_anchor_id,entity_name,website,has_licence_number,source_file,source_sha256
seychelles_securities_dealers,Seychelles,Seychelles FSA,securities-exchange,securities-exchange-134,MERJ Exchange Limited,http://www.merj.exchange,0,seychelles_securities_dealers_20260727T044232Z.html,52d319f3653dd58abcd23ac6d9509f06d7c5780765063cb88838dbdf76b468b4
seychelles_securities_dealers,Seychelles,Seychelles FSA,securities-exchange,securities-exchange-135,SECDEX Exchange Limited,http://www.secdex.net,0,seychelles_securities_dealers_20260727T044232Z.html,52d319f3653dd58abcd23ac6d9509f06d7c5780765063cb88838dbdf76b468b4
seychelles_securities_dealers,Seychelles,Seychelles FSA,securities-facility,securities-facility-136,MERJ Depository and Registry Limited,http://www.merj.exchange,0,seychelles_securities_dealers_20260727T044232Z.html,52d319f3653dd58abcd23ac6d9509f06d7c5780765063cb88838dbdf76b468b4
seychelles_securities_dealers,Seychelles,Seychelles FSA,securities-facility,securities-facility-137,SECDEX Depository Limited,http://www.secdex.net,0,seychelles_securities_dealers_20260727T044232Z.html,52d319f3653dd58abcd23ac6d9509f06d7c5780765063cb88838dbdf76b468b4
seychelles_securities_dealers,Seychelles,Seychelles FSA,clearing-agency,clearing-agency-138,MERJ Clearing and Settlement Limited,http://www.merj.exchange,0,seychelles_securities_dealers_20260727T044232Z.html,52d319f3653dd58abcd23ac6d9509f06d7c5780765063cb88838dbdf76b468b4
seychelles_securities_dealers,Seychelles,Seychelles FSA,clearing-agency,clearing-agency-139,SECDEX Clearing Limited,http://www.secdex.net,0,seychelles_securities_dealers_20260727T044232Z.html,52d319f3653dd58abcd23ac6d9509f06d7c5780765063cb88838dbdf76b468b4
seychelles_securities_dealers,Seychelles,Seychelles FSA,securities-dealer,securities-dealer-1176,WizBrokers Limited,,0,seychelles_securities_dealers_20260727T044232Z.html,52d319f3653dd58abcd23ac6d9509f06d7c5780765063cb88838dbdf76b468b4
seychelles_securities_dealers,Seychelles,Seychelles FSA,securities-dealer,securities-dealer-876,4XC (Seychelles) Ltd,https://www.4xc.com/,0,seychelles_securities_dealers_20260727T044232Z.html,52d319f3653dd58abcd23ac6d9509f06d7c5780765063cb88838dbdf76b468b4
seychelles_securities_dealers,Seychelles,Seychelles FSA,securities-dealer,securities-dealer-545,Admirals SC Ltd,https://www.admiralmarkets.com/sc,0,seychelles_securities_dealers_20260727T044232Z.html,52d319f3653dd58abcd23ac6d9509f06d7c5780765063cb88838dbdf76b468b4
seychelles_securities_dealers,Seychelles,Seychelles FSA,securities-dealer,securities-dealer-848,Alchemy International Ltd,https://www.alchemymarkets.com,0,seychelles_securities_dealers_20260727T044232Z.html,52d319f3653dd58abcd23ac6d9509f06d7c5780765063cb88838dbdf76b468b4
seychelles_securities_dealers,Seychelles,Seychelles FSA,securities-dealer,securities-dealer-1106,ALTUM Ltd,https://www.altumbrokers.com,0,seychelles_securities_dealers_20260727T044232Z.html,52d319f3653dd58abcd23ac6d9509f06d7c5780765063cb88838dbdf76b468b4
seychelles_securities_dealers,Seychelles,Seychelles FSA,securities-dealer,securities-dealer-714,AT Global Markets (SC) Limited,https://www.atfx.com,0,seychelles_securities_dealers_20260727T044232Z.html,52d319f3653dd58abcd23ac6d9509f06d7c5780765063cb88838dbdf76b468b4
seychelles_securities_dealers,Seychelles,Seychelles FSA,securities-dealer,securities-dealer-1499,AtlantFX Limited,,0,seychelles_securities_dealers_20260727T044232Z.html,52d319f3653dd58abcd23ac6d9509f06d7c5780765063cb88838dbdf76b468b4
seychelles_securities_dealers,Seychelles,Seychelles FSA,securities-dealer,securities-dealer-856,Axon Markets Ltd,https://www.axonmarkets.com,0,seychelles_securities_dealers_20260727T044232Z.html,52d319f3653dd58abcd23ac6d9509f06d7c5780765063cb88838dbdf76b468b4
seychelles_securities_dealers,Seychelles,Seychelles FSA,securities-dealer,securities-dealer-1324,BABA INVESTMENT (SEYCHELLES) LTD,,0,seychelles_securities_dealers_20260727T044232Z.html,52d319f3653dd58abcd23ac6d9509f06d7c5780765063cb88838dbdf76b468b4
seychelles_securities_dealers,Seychelles,Seychelles FSA,securities-dealer,securities-dealer-153,BBG Limited,https://www.blackbull.com,0,seychelles_securities_dealers_20260727T044232Z.html,52d319f3653dd58abcd23ac6d9509f06d7c5780765063cb88838dbdf76b468b4
seychelles_securities_dealers,Seychelles,Seychelles FSA,securities-dealer,securities-dealer-1046,BLUEPINE LTD,,0,seychelles_securities_dealers_20260727T044232Z.html,52d319f3653dd58abcd23ac6d9509f06d7c5780765063cb88838dbdf76b468b4
seychelles_securities_dealers,Seychelles,Seychelles FSA,securities-dealer,securities-dealer-548,Camel International Limited,https://www.qdme.net,0,seychelles_securities_dealers_20260727T044232Z.html,52d319f3653dd58abcd23ac6d9509f06d7c5780765063cb88838dbdf76b468b4
seychelles_securities_dealers,Seychelles,Seychelles FSA,securities-dealer,securities-dealer-1387,Century Financial Ltd,,0,seychelles_securities_dealers_20260727T044232Z.html,52d319f3653dd58abcd23ac6d9509f06d7c5780765063cb88838dbdf76b468b4
seychelles_securities_dealers,Seychelles,Seychelles FSA,securities-dealer,securities-dealer-790,Credit Financier Invest International Limited,https://www.cfi.trade/en-sc,0,seychelles_securities_dealers_20260727T044232Z.html,52d319f3653dd58abcd23ac6d9509f06d7c5780765063cb88838dbdf76b468b4
seychelles_securities_dealers,Seychelles,Seychelles FSA,securities-dealer,securities-dealer-490,DB Invest Limited,https://www.dbinvesting.com,0,seychelles_securities_dealers_20260727T044232Z.html,52d319f3653dd58abcd23ac6d9509f06d7c5780765063cb88838dbdf76b468b4
seychelles_securities_dealers,Seychelles,Seychelles FSA,securities-dealer,securities-dealer-1292,DXA Seychelles Limited,http://www.highmarkets.com,0,seychelles_securities_dealers_20260727T044232Z.html,52d319f3653dd58abcd23ac6d9509f06d7c5780765063cb88838dbdf76b468b4
seychelles_securities_dealers,Seychelles,Seychelles FSA,securities-dealer,securities-dealer-203,EF Worldwide Ltd,https://www.easymarkets.com/syc,0,seychelles_securities_dealers_20260727T044232Z.html,52d319f3653dd58abcd23ac6d9509f06d7c5780765063cb88838dbdf76b468b4
seychelles_securities_dealers,Seychelles,Seychelles FSA,securities-dealer,securities-dealer-1261,ELPRO Markets Ltd,,0,seychelles_securities_dealers_20260727T044232Z.html,52d319f3653dd58abcd23ac6d9509f06d7c5780765063cb88838dbdf76b468b4
seychelles_securities_dealers,Seychelles,Seychelles FSA,securities-dealer,securities-dealer-486,Equiti Brokerage (Seychelles) Ltd,,0,seychelles_securities_dealers_20260727T044232Z.html,52d319f3653dd58abcd23ac6d9509f06d7c5780765063cb88838dbdf76b468b4
seychelles_securities_dealers,Seychelles,Seychelles FSA,securities-dealer,securities-dealer-600,eToro (Seychelles) Limited,https://www.etoro.com,0,seychelles_securities_dealers_20260727T044232Z.html,52d319f3653dd58abcd23ac6d9509f06d7c5780765063cb88838dbdf76b468b4
seychelles_securities_dealers,Seychelles,Seychelles FSA,securities-dealer,securities-dealer-858,Excent Capital Ltd,https://excent.capital/,0,seychelles_securities_dealers_20260727T044232Z.html,52d319f3653dd58abcd23ac6d9509f06d7c5780765063cb88838dbdf76b468b4
seychelles_securities_dealers,Seychelles,Seychelles FSA,securities-dealer,securities-dealer-186,Exness (SC) Ltd,https://www.exness.com,0,seychelles_securities_dealers_20260727T044232Z.html,52d319f3653dd58abcd23ac6d9509f06d7c5780765063cb88838dbdf76b468b4
seychelles_securities_dealers,Seychelles,Seychelles FSA,securities-dealer,securities-dealer-1220,FinPrime Global Limited,,0,seychelles_securities_dealers_20260727T044232Z.html,52d319f3653dd58abcd23ac6d9509f06d7c5780765063cb88838dbdf76b468b4
seychelles_securities_dealers,Seychelles,Seychelles FSA,securities-dealer,securities-dealer-894,First Prudential Markets Limited,https://www.fpmarkets.com/sc/,0,seychelles_securities_dealers_20260727T044232Z.html,52d319f3653dd58abcd23ac6d9509f06d7c5780765063cb88838dbdf76b468b4
seychelles_securities_dealers,Seychelles,Seychelles FSA,securities-dealer,securities-dealer-932,Fullerverse (SC) Limited,https://afpcapital.tech,0,seychelles_securities_dealers_20260727T044232Z.html,52d319f3653dd58abcd23ac6d9509f06d7c5780765063cb88838dbdf76b468b4
seychelles_securities_dealers,Seychelles,Seychelles FSA,securities-dealer,securities-dealer-811,FX-EDGE SC LTD,https://www.fx-edge.com,0,seychelles_securities_dealers_20260727T044232Z.html,52d319f3653dd58abcd23ac6d9509f06d7c5780765063cb88838dbdf76b468b4
seychelles_securities_dealers,Seychelles,Seychelles FSA,securities-dealer,securities-dealer-936,FXW Global Ltd,https://www.sifx.com,0,seychelles_securities_dealers_20260727T044232Z.html,52d319f3653dd58abcd23ac6d9509f06d7c5780765063cb88838dbdf76b468b4
seychelles_securities_dealers,Seychelles,Seychelles FSA,securities-dealer,securities-dealer-200,Go Markets International Ltd,https://www.int.gomarkets.com/,0,seychelles_securities_dealers_20260727T044232Z.html,52d319f3653dd58abcd23ac6d9509f06d7c5780765063cb88838dbdf76b468b4
seychelles_securities_dealers,Seychelles,Seychelles FSA,securities-dealer,securities-dealer-1496,Grow Prime Ltd,,0,seychelles_securities_dealers_20260727T044232Z.html,52d319f3653dd58abcd23ac6d9509f06d7c5780765063cb88838dbdf76b468b4
seychelles_securities_dealers,Seychelles,Seychelles FSA,securities-dealer,securities-dealer-810,HANABI LIMITED,https://www.hanabimarkets.com,0,seychelles_securities_dealers_20260727T044232Z.html,52d319f3653dd58abcd23ac6d9509f06d7c5780765063cb88838dbdf76b468b4
seychelles_securities_dealers,Seychelles,Seychelles FSA,securities-dealer,securities-dealer-986,Hero Capital Ltd,,0,seychelles_securities_dealers_20260727T044232Z.html,52d319f3653dd58abcd23ac6d9509f06d7c5780765063cb88838dbdf76b468b4
seychelles_securities_dealers,Seychelles,Seychelles FSA,securities-dealer,securities-dealer-1194,ICM Capital Limited,,0,seychelles_securities_dealers_20260727T044232Z.html,52d319f3653dd58abcd23ac6d9509f06d7c5780765063cb88838dbdf76b468b4
seychelles_securities_dealers,Seychelles,Seychelles FSA,securities-dealer,securities-dealer-912,Invemonde Trading Ltd,https://www.fxpro.com,0,seychelles_securities_dealers_20260727T044232Z.html,52d319f3653dd58abcd23ac6d9509f06d7c5780765063cb88838dbdf76b468b4
seychelles_securities_dealers,Seychelles,Seychelles FSA,securities-dealer,securities-dealer-859,IUX International (SC) Ltd,https://www.iux.com,0,seychelles_securities_dealers_20260727T044232Z.html,52d319f3653dd58abcd23ac6d9509f06d7c5780765063cb88838dbdf76b468b4
seychelles_securities_dealers,Seychelles,Seychelles FSA,securities-dealer,securities-dealer-879,Keytech Limited,https://keytechlimited.com/,0,seychelles_securities_dealers_20260727T044232Z.html,52d319f3653dd58abcd23ac6d9509f06d7c5780765063cb88838dbdf76b468b4
seychelles_securities_dealers,Seychelles,Seychelles FSA,securities-dealer,securities-dealer-173,KW Investments Ltd,https://clicktrades.com,0,seychelles_securities_dealers_20260727T044232Z.html,52d319f3653dd58abcd23ac6d9509f06d7c5780765063cb88838dbdf76b468b4
seychelles_securities_dealers,Seychelles,Seychelles FSA,securities-dealer,securities-dealer-746,Limehouse Markets (Global) Limited,,0,seychelles_securities_dealers_20260727T044232Z.html,52d319f3653dd58abcd23ac6d9509f06d7c5780765063cb88838dbdf76b468b4
seychelles_securities_dealers,Seychelles,Seychelles FSA,securities-dealer,securities-dealer-1392,LTG MARKETS LTD,,0,seychelles_securities_dealers_20260727T044232Z.html,52d319f3653dd58abcd23ac6d9509f06d7c5780765063cb88838dbdf76b468b4
seychelles_securities_dealers,Seychelles,Seychelles FSA,securities-dealer,securities-dealer-927,Magnum International Markets Ltd,https://www.intermagnum.com,0,seychelles_securities_dealers_20260727T044232Z.html,52d319f3653dd58abcd23ac6d9509f06d7c5780765063cb88838dbdf76b468b4
seychelles_securities_dealers,Seychelles,Seychelles FSA,securities-dealer,securities-dealer-867,MarketsVox (SC) Ltd,https://www.marketsvox.com,0,seychelles_securities_dealers_20260727T044232Z.html,52d319f3653dd58abcd23ac6d9509f06d7c5780765063cb88838dbdf76b468b4
seychelles_securities_dealers,Seychelles,Seychelles FSA,securities-dealer,securities-dealer-770,Meco Markets Limited,https://www.mecomarkets.com/,0,seychelles_securities_dealers_20260727T044232Z.html,52d319f3653dd58abcd23ac6d9509f06d7c5780765063cb88838dbdf76b468b4
seychelles_securities_dealers,Seychelles,Seychelles FSA,securities-dealer,securities-dealer-546,MMCD Resources Limited,https://www.scopeprime.com,0,seychelles_securities_dealers_20260727T044232Z.html,52d319f3653dd58abcd23ac6d9509f06d7c5780765063cb88838dbdf76b468b4
seychelles_securities_dealers,Seychelles,Seychelles FSA,securities-dealer,securities-dealer-1169,MYFX GROUP LIMITED,http://myfx.group/,0,seychelles_securities_dealers_20260727T044232Z.html,52d319f3653dd58abcd23ac6d9509f06d7c5780765063cb88838dbdf76b468b4
seychelles_securities_dealers,Seychelles,Seychelles FSA,securities-dealer,securities-dealer-781,NCE SC LIMITED,https://www.nce.sc,0,seychelles_securities_dealers_20260727T044232Z.html,52d319f3653dd58abcd23ac6d9509f06d7c5780765063cb88838dbdf76b468b4
seychelles_securities_dealers,Seychelles,Seychelles FSA,securities-dealer,securities-dealer-789,Nexo Markets Ltd,https://nexo-markets.com/,0,seychelles_securities_dealers_20260727T044232Z.html,52d319f3653dd58abcd23ac6d9509f06d7c5780765063cb88838dbdf76b468b4
seychelles_securities_dealers,Seychelles,Seychelles FSA,securities-dealer,securities-dealer-1196,Noor Capital Limited,https://noorcapital.sc/,0,seychelles_securities_dealers_20260727T044232Z.html,52d319f3653dd58abcd23ac6d9509f06d7c5780765063cb88838dbdf76b468b4
seychelles_securities_dealers,Seychelles,Seychelles FSA,securities-dealer,securities-dealer-994,ONAR CAPITAL LTD,,0,seychelles_securities_dealers_20260727T044232Z.html,52d319f3653dd58abcd23ac6d9509f06d7c5780765063cb88838dbdf76b468b4
seychelles_securities_dealers,Seychelles,Seychelles FSA,securities-dealer,securities-dealer-863,Onys Kapital Ltd,https://www.onyskapital.com,0,seychelles_securities_dealers_20260727T044232Z.html,52d319f3653dd58abcd23ac6d9509f06d7c5780765063cb88838dbdf76b468b4
seychelles_securities_dealers,Seychelles,Seychelles FSA,securities-dealer,securities-dealer-919,OQTIMA INT. LTD,https://www.oqtima.com,0,seychelles_securities_dealers_20260727T044232Z.html,52d319f3653dd58abcd23ac6d9509f06d7c5780765063cb88838dbdf76b468b4
seychelles_securities_dealers,Seychelles,Seychelles FSA,securities-dealer,securities-dealer-187,Oro Fintech Limited,,0,seychelles_securities_dealers_20260727T044232Z.html,52d319f3653dd58abcd23ac6d9509f06d7c5780765063cb88838dbdf76b468b4
seychelles_securities_dealers,Seychelles,Seychelles FSA,securities-dealer,securities-dealer-531,Peter Pesic & Co Securities (Seychelles) Limited,,0,seychelles_securities_dealers_20260727T044232Z.html,52d319f3653dd58abcd23ac6d9509f06d7c5780765063cb88838dbdf76b468b4
seychelles_securities_dealers,Seychelles,Seychelles FSA,securities-dealer,securities-dealer-1494,PLOTIO FX SC LIMITED,https://www.plotiofx.com.sc/,0,seychelles_securities_dealers_20260727T044232Z.html,52d319f3653dd58abcd23ac6d9509f06d7c5780765063cb88838dbdf76b468b4
seychelles_securities_dealers,Seychelles,Seychelles FSA,securities-dealer,securities-dealer-1398,PRIME MARKETS LIMITED,,0,seychelles_securities_dealers_20260727T044232Z.html,52d319f3653dd58abcd23ac6d9509f06d7c5780765063cb88838dbdf76b468b4
seychelles_securities_dealers,Seychelles,Seychelles FSA,securities-dealer,securities-dealer-171,PU Prime Limited,https://www.puprime.com,0,seychelles_securities_dealers_20260727T044232Z.html,52d319f3653dd58abcd23ac6d9509f06d7c5780765063cb88838dbdf76b468b4
seychelles_securities_dealers,Seychelles,Seychelles FSA,securities-dealer,securities-dealer-959,Quox Capital Ltd,,0,seychelles_securities_dealers_20260727T044232Z.html,52d319f3653dd58abcd23ac6d9509f06d7c5780765063cb88838dbdf76b468b4
seychelles_securities_dealers,Seychelles,Seychelles FSA,securities-dealer,securities-dealer-921,RannForex Limited,,0,seychelles_securities_dealers_20260727T044232Z.html,52d319f3653dd58abcd23ac6d9509f06d7c5780765063cb88838dbdf76b468b4
seychelles_securities_dealers,Seychelles,Seychelles FSA,securities-dealer,securities-dealer-1453,Roxom Securities (Seychelles) Ltd,https://www.roxom.com,0,seychelles_securities_dealers_20260727T044232Z.html,52d319f3653dd58abcd23ac6d9509f06d7c5780765063cb88838dbdf76b468b4
seychelles_securities_dealers,Seychelles,Seychelles FSA,securities-dealer,securities-dealer-710,Scope Markets Global Ltd,https://www.scopemarkets.sc,0,seychelles_securities_dealers_20260727T044232Z.html,52d319f3653dd58abcd23ac6d9509f06d7c5780765063cb88838dbdf76b468b4
seychelles_securities_dealers,Seychelles,Seychelles FSA,securities-dealer,securities-dealer-1091,Solidary Prime Ltd,https://solidaryprime.com,0,seychelles_securities_dealers_20260727T044232Z.html,52d319f3653dd58abcd23ac6d9509f06d7c5780765063cb88838dbdf76b468b4
seychelles_securities_dealers,Seychelles,Seychelles FSA,securities-dealer,securities-dealer-1061,StoneX International Ltd,,0,seychelles_securities_dealers_20260727T044232Z.html,52d319f3653dd58abcd23ac6d9509f06d7c5780765063cb88838dbdf76b468b4
seychelles_securities_dealers,Seychelles,Seychelles FSA,securities-dealer,securities-dealer-1171,SUXXESS FX LTD,,0,seychelles_securities_dealers_20260727T044232Z.html,52d319f3653dd58abcd23ac6d9509f06d7c5780765063cb88838dbdf76b468b4
seychelles_securities_dealers,Seychelles,Seychelles FSA,securities-dealer,securities-dealer-174,TF Global Markets Int Ltd,,0,seychelles_securities_dealers_20260727T044232Z.html,52d319f3653dd58abcd23ac6d9509f06d7c5780765063cb88838dbdf76b468b4
seychelles_securities_dealers,Seychelles,Seychelles FSA,securities-dealer,securities-dealer-164,TM Trading Limited,,0,seychelles_securities_dealers_20260727T044232Z.html,52d319f3653dd58abcd23ac6d9509f06d7c5780765063cb88838dbdf76b468b4
seychelles_securities_dealers,Seychelles,Seychelles FSA,securities-dealer,securities-dealer-180,TopFX Global Ltd,https://www.topfx.com.sc/,0,seychelles_securities_dealers_20260727T044232Z.html,52d319f3653dd58abcd23ac6d9509f06d7c5780765063cb88838dbdf76b468b4
seychelles_securities_dealers,Seychelles,Seychelles FSA,securities-dealer,securities-dealer-778,TouchStone Markets Limited,https://www.gold-touch.io,0,seychelles_securities_dealers_20260727T044232Z.html,52d319f3653dd58abcd23ac6d9509f06d7c5780765063cb88838dbdf76b468b4
seychelles_securities_dealers,Seychelles,Seychelles FSA,securities-dealer,securities-dealer-880,Trade Quo Global Ltd,https://www.tradequo.com,0,seychelles_securities_dealers_20260727T044232Z.html,52d319f3653dd58abcd23ac6d9509f06d7c5780765063cb88838dbdf76b468b4
seychelles_securities_dealers,Seychelles,Seychelles FSA,securities-dealer,securities-dealer-167,Tradeco Limited,http://www.t4trade.com,0,seychelles_securities_dealers_20260727T044232Z.html,52d319f3653dd58abcd23ac6d9509f06d7c5780765063cb88838dbdf76b468b4
seychelles_securities_dealers,Seychelles,Seychelles FSA,securities-dealer,securities-dealer-831,Traders' Hub Ltd,https://tradershub.sc/,0,seychelles_securities_dealers_20260727T044232Z.html,52d319f3653dd58abcd23ac6d9509f06d7c5780765063cb88838dbdf76b468b4
seychelles_securities_dealers,Seychelles,Seychelles FSA,securities-dealer,securities-dealer-766,Tradewill Global Limited,https://www.tradewill.com,0,seychelles_securities_dealers_20260727T044232Z.html,52d319f3653dd58abcd23ac6d9509f06d7c5780765063cb88838dbdf76b468b4
seychelles_securities_dealers,Seychelles,Seychelles FSA,securities-dealer,securities-dealer-1302,TREND MASTERS LTD,,0,seychelles_securities_dealers_20260727T044232Z.html,52d319f3653dd58abcd23ac6d9509f06d7c5780765063cb88838dbdf76b468b4
seychelles_securities_dealers,Seychelles,Seychelles FSA,securities-dealer,securities-dealer-797,Trust Capital Ltd,https://www.trustcapital.com,0,seychelles_securities_dealers_20260727T044232Z.html,52d319f3653dd58abcd23ac6d9509f06d7c5780765063cb88838dbdf76b468b4
seychelles_securities_dealers,Seychelles,Seychelles FSA,securities-dealer,securities-dealer-1385,V GLOBAL MARKETS LIMITED,http://www.vantotrade.com/,0,seychelles_securities_dealers_20260727T044232Z.html,52d319f3653dd58abcd23ac6d9509f06d7c5780765063cb88838dbdf76b468b4
seychelles_securities_dealers,Seychelles,Seychelles FSA,securities-dealer,securities-dealer-1065,Ven Mar Limited,,0,seychelles_securities_dealers_20260727T044232Z.html,52d319f3653dd58abcd23ac6d9509f06d7c5780765063cb88838dbdf76b468b4
seychelles_securities_dealers,Seychelles,Seychelles FSA,securities-dealer,securities-dealer-1037,VS Capital Limited,https://www.vscapital.io,0,seychelles_securities_dealers_20260727T044232Z.html,52d319f3653dd58abcd23ac6d9509f06d7c5780765063cb88838dbdf76b468b4
seychelles_securities_dealers,Seychelles,Seychelles FSA,securities-dealer,securities-dealer-1013,WISUNO LIMITED,,0,seychelles_securities_dealers_20260727T044232Z.html,52d319f3653dd58abcd23ac6d9509f06d7c5780765063cb88838dbdf76b468b4
seychelles_securities_dealers,Seychelles,Seychelles FSA,securities-dealer,securities-dealer-1070,XM (SC) Limited,https://www.xm.com,0,seychelles_securities_dealers_20260727T044232Z.html,52d319f3653dd58abcd23ac6d9509f06d7c5780765063cb88838dbdf76b468b4
seychelles_securities_dealers,Seychelles,Seychelles FSA,securities-dealer,securities-dealer-166,Zeal Capital Market (Seychelles) Limited,https://www.zfx.com,0,seychelles_securities_dealers_20260727T044232Z.html,52d319f3653dd58abcd23ac6d9509f06d7c5780765063cb88838dbdf76b468b4
seychelles_securities_dealers,Seychelles,Seychelles FSA,securities-dealer,securities-dealer-148,4 Square SY Limited,,0,seychelles_securities_dealers_20260727T044232Z.html,52d319f3653dd58abcd23ac6d9509f06d7c5780765063cb88838dbdf76b468b4
seychelles_securities_dealers,Seychelles,Seychelles FSA,securities-dealer,securities-dealer-1136,ACCM Intl Limited,https://www.accapital-syc.com,0,seychelles_securities_dealers_20260727T044232Z.html,52d319f3653dd58abcd23ac6d9509f06d7c5780765063cb88838dbdf76b468b4
seychelles_securities_dealers,Seychelles,Seychelles FSA,securities-dealer,securities-dealer-201,AfterPrime Ltd,https://afterprime.com,0,seychelles_securities_dealers_20260727T044232Z.html,52d319f3653dd58abcd23ac6d9509f06d7c5780765063cb88838dbdf76b468b4
seychelles_securities_dealers,Seychelles,Seychelles FSA,securities-dealer,securities-dealer-1458,ALEXIS CAPITAL LIMITED,https://www.alexis.capital,0,seychelles_securities_dealers_20260727T044232Z.html,52d319f3653dd58abcd23ac6d9509f06d7c5780765063cb88838dbdf76b468b4
seychelles_securities_dealers,Seychelles,Seychelles FSA,securities-dealer,securities-dealer-1231,Amega Finance Ltd,https://amega.finance,0,seychelles_securities_dealers_20260727T044232Z.html,52d319f3653dd58abcd23ac6d9509f06d7c5780765063cb88838dbdf76b468b4
seychelles_securities_dealers,Seychelles,Seychelles FSA,securities-dealer,securities-dealer-747,ATC Brokers Limited,https://www.atcbrokers.com,0,seychelles_securities_dealers_20260727T044232Z.html,52d319f3653dd58abcd23ac6d9509f06d7c5780765063cb88838dbdf76b468b4
seychelles_securities_dealers,Seychelles,Seychelles FSA,securities-dealer,securities-dealer-1290,Aurex Limited,,0,seychelles_securities_dealers_20260727T044232Z.html,52d319f3653dd58abcd23ac6d9509f06d7c5780765063cb88838dbdf76b468b4
seychelles_securities_dealers,Seychelles,Seychelles FSA,securities-dealer,securities-dealer-152,AXSE Brokerage Ltd,https://www.purple-trading.sc/,0,seychelles_securities_dealers_20260727T044232Z.html,52d319f3653dd58abcd23ac6d9509f06d7c5780765063cb88838dbdf76b468b4
seychelles_securities_dealers,Seychelles,Seychelles FSA,securities-dealer,securities-dealer-744,Baxia Global Ltd,https://baxiamarkets.com/en/,0,seychelles_securities_dealers_20260727T044232Z.html,52d319f3653dd58abcd23ac6d9509f06d7c5780765063cb88838dbdf76b468b4
seychelles_securities_dealers,Seychelles,Seychelles FSA,securities-dealer,securities-dealer-154,BDSwiss (Seychelles) Ltd,https://www.global.bdswiss.com,0,seychelles_securities_dealers_20260727T044232Z.html,52d319f3653dd58abcd23ac6d9509f06d7c5780765063cb88838dbdf76b468b4
seychelles_securities_dealers,Seychelles,Seychelles FSA,securities-dealer,securities-dealer-950,Bluesuisse Markets Limited,https://www.bluesuisse.sc,0,seychelles_securities_dealers_20260727T044232Z.html,52d319f3653dd58abcd23ac6d9509f06d7c5780765063cb88838dbdf76b468b4
seychelles_securities_dealers,Seychelles,Seychelles FSA,securities-dealer,securities-dealer-1483,CAPTA TRADE LIMITED,,0,seychelles_securities_dealers_20260727T044232Z.html,52d319f3653dd58abcd23ac6d9509f06d7c5780765063cb88838dbdf76b468b4
seychelles_securities_dealers,Seychelles,Seychelles FSA,securities-dealer,securities-dealer-1462,CONNECT FINANCIALS LTD,,0,seychelles_securities_dealers_20260727T044232Z.html,52d319f3653dd58abcd23ac6d9509f06d7c5780765063cb88838dbdf76b468b4
seychelles_securities_dealers,Seychelles,Seychelles FSA,securities-dealer,securities-dealer-1351,CXM Group (SC) Ltd,,0,seychelles_securities_dealers_20260727T044232Z.html,52d319f3653dd58abcd23ac6d9509f06d7c5780765063cb88838dbdf76b468b4
seychelles_securities_dealers,Seychelles,Seychelles FSA,securities-dealer,securities-dealer-734,Doo Financial Lite SC Limited,,0,seychelles_securities_dealers_20260727T044232Z.html,52d319f3653dd58abcd23ac6d9509f06d7c5780765063cb88838dbdf76b468b4
seychelles_securities_dealers,Seychelles,Seychelles FSA,securities-dealer,securities-dealer-189,EC Markets Limited,https://www.ecmarkets.sc,0,seychelles_securities_dealers_20260727T044232Z.html,52d319f3653dd58abcd23ac6d9509f06d7c5780765063cb88838dbdf76b468b4
seychelles_securities_dealers,Seychelles,Seychelles FSA,securities-dealer,securities-dealer-760,Eightcap International Ltd,,0,seychelles_securities_dealers_20260727T044232Z.html,52d319f3653dd58abcd23ac6d9509f06d7c5780765063cb88838dbdf76b468b4
seychelles_securities_dealers,Seychelles,Seychelles FSA,securities-dealer,securities-dealer-1108,Emerald Ltd,https://www.Lekfi.com,0,seychelles_securities_dealers_20260727T044232Z.html,52d319f3653dd58abcd23ac6d9509f06d7c5780765063cb88838dbdf76b468b4
seychelles_securities_dealers,Seychelles,Seychelles FSA,securities-dealer,securities-dealer-155,Errante Securities (Seychelles) Limited,https://www.errante.com,0,seychelles_securities_dealers_20260727T044232Z.html,52d319f3653dd58abcd23ac6d9509f06d7c5780765063cb88838dbdf76b468b4
seychelles_securities_dealers,Seychelles,Seychelles FSA,securities-dealer,securities-dealer-1027,Eurotrade RGB (Seychelles) Ltd,https://www.eurotrader.com;,0,seychelles_securities_dealers_20260727T044232Z.html,52d319f3653dd58abcd23ac6d9509f06d7c5780765063cb88838dbdf76b468b4
seychelles_securities_dealers,Seychelles,Seychelles FSA,securities-dealer,securities-dealer-202,Exclusive Markets Ltd,https://www.exclusivemarkets.com/,0,seychelles_securities_dealers_20260727T044232Z.html,52d319f3653dd58abcd23ac6d9509f06d7c5780765063cb88838dbdf76b468b4
seychelles_securities_dealers,Seychelles,Seychelles FSA,securities-dealer,securities-dealer-489,FBS Trading (Seychelles) Ltd,https://ftrading-sc.com,0,seychelles_securities_dealers_20260727T044232Z.html,52d319f3653dd58abcd23ac6d9509f06d7c5780765063cb88838dbdf76b468b4
seychelles_securities_dealers,Seychelles,Seychelles FSA,securities-dealer,securities-dealer-703,FINPROS FINANCIAL LTD,https://finpros.com,0,seychelles_securities_dealers_20260727T044232Z.html,52d319f3653dd58abcd23ac6d9509f06d7c5780765063cb88838dbdf76b468b4
seychelles_securities_dealers,Seychelles,Seychelles FSA,securities-dealer,securities-dealer-157,FIVEHILLS SECURITIES LIMITED,https://www.fivehills.com/,0,seychelles_securities_dealers_20260727T044232Z.html,52d319f3653dd58abcd23ac6d9509f06d7c5780765063cb88838dbdf76b468b4
seychelles_securities_dealers,Seychelles,Seychelles FSA,securities-dealer,securities-dealer-716,Fusion Markets International Ltd,https://fusionmarkets.com,0,seychelles_securities_dealers_20260727T044232Z.html,52d319f3653dd58abcd23ac6d9509f06d7c5780765063cb88838dbdf76b468b4
seychelles_securities_dealers,Seychelles,Seychelles FSA,securities-dealer,securities-dealer-1178,FxFair Ltd,,0,seychelles_securities_dealers_20260727T044232Z.html,52d319f3653dd58abcd23ac6d9509f06d7c5780765063cb88838dbdf76b468b4
seychelles_securities_dealers,Seychelles,Seychelles FSA,securities-dealer,securities-dealer-990,GBE GLOBAL LTD,https://www.gbebrokers.global,0,seychelles_securities_dealers_20260727T044232Z.html,52d319f3653dd58abcd23ac6d9509f06d7c5780765063cb88838dbdf76b468b4
seychelles_securities_dealers,Seychelles,Seychelles FSA,securities-dealer,securities-dealer-1004,Gold Elephant Markets Limited,,0,seychelles_securities_dealers_20260727T044232Z.html,52d319f3653dd58abcd23ac6d9509f06d7c5780765063cb88838dbdf76b468b4
seychelles_securities_dealers,Seychelles,Seychelles FSA,securities-dealer,securities-dealer-144,GT Global Ltd,https://fxgt.com/en/home,0,seychelles_securities_dealers_20260727T044232Z.html,52d319f3653dd58abcd23ac6d9509f06d7c5780765063cb88838dbdf76b468b4
seychelles_securities_dealers,Seychelles,Seychelles FSA,securities-dealer,securities-dealer-1117,Hantec (Seychelles) Services Limited,,0,seychelles_securities_dealers_20260727T044232Z.html,52d319f3653dd58abcd23ac6d9509f06d7c5780765063cb88838dbdf76b468b4
seychelles_securities_dealers,Seychelles,Seychelles FSA,securities-dealer,securities-dealer-183,HF Markets (Seychelles) Ltd,https://www.hfm.com/sc/en/,0,seychelles_securities_dealers_20260727T044232Z.html,52d319f3653dd58abcd23ac6d9509f06d7c5780765063cb88838dbdf76b468b4
seychelles_securities_dealers,Seychelles,Seychelles FSA,securities-dealer,securities-dealer-776,INGOT SC LTD,https://www.ingotbrokers.com,0,seychelles_securities_dealers_20260727T044232Z.html,52d319f3653dd58abcd23ac6d9509f06d7c5780765063cb88838dbdf76b468b4
seychelles_securities_dealers,Seychelles,Seychelles FSA,securities-dealer,securities-dealer-839,Investingor Ltd,https://www.investingor.com,0,seychelles_securities_dealers_20260727T044232Z.html,52d319f3653dd58abcd23ac6d9509f06d7c5780765063cb88838dbdf76b468b4
seychelles_securities_dealers,Seychelles,Seychelles FSA,securities-dealer,securities-dealer-1285,JT Markets Ltd,,0,seychelles_securities_dealers_20260727T044232Z.html,52d319f3653dd58abcd23ac6d9509f06d7c5780765063cb88838dbdf76b468b4
seychelles_securities_dealers,Seychelles,Seychelles FSA,securities-dealer,securities-dealer-541,Klips SC Ltd,https://www.klips.com,0,seychelles_securities_dealers_20260727T044232Z.html,52d319f3653dd58abcd23ac6d9509f06d7c5780765063cb88838dbdf76b468b4
seychelles_securities_dealers,Seychelles,Seychelles FSA,securities-dealer,securities-dealer-184,Leadcapital Corp Ltd,https://www.leadcapitalcrp.com,0,seychelles_securities_dealers_20260727T044232Z.html,52d319f3653dd58abcd23ac6d9509f06d7c5780765063cb88838dbdf76b468b4
seychelles_securities_dealers,Seychelles,Seychelles FSA,securities-dealer,securities-dealer-1104,LIRAT Ltd,,0,seychelles_securities_dealers_20260727T044232Z.html,52d319f3653dd58abcd23ac6d9509f06d7c5780765063cb88838dbdf76b468b4
seychelles_securities_dealers,Seychelles,Seychelles FSA,securities-dealer,securities-dealer-1349,MACRO MARKETS SOLUTIONS LTD,https://www.macromarkets.sc,0,seychelles_securities_dealers_20260727T044232Z.html,52d319f3653dd58abcd23ac6d9509f06d7c5780765063cb88838dbdf76b468b4
seychelles_securities_dealers,Seychelles,Seychelles FSA,securities-dealer,securities-dealer-185,MAIV LIMITED,https://www.rock-west.com,0,seychelles_securities_dealers_20260727T044232Z.html,52d319f3653dd58abcd23ac6d9509f06d7c5780765063cb88838dbdf76b468b4
seychelles_securities_dealers,Seychelles,Seychelles FSA,securities-dealer,securities-dealer-517,MAXIMUS GLOBAL LIMITED,https://nordfx.sc,0,seychelles_securities_dealers_20260727T044232Z.html,52d319f3653dd58abcd23ac6d9509f06d7c5780765063cb88838dbdf76b468b4
seychelles_securities_dealers,Seychelles,Seychelles FSA,securities-dealer,securities-dealer-1319,Middle East Capital Markets Ltd,,0,seychelles_securities_dealers_20260727T044232Z.html,52d319f3653dd58abcd23ac6d9509f06d7c5780765063cb88838dbdf76b468b4
seychelles_securities_dealers,Seychelles,Seychelles FSA,securities-dealer,securities-dealer-823,Modmount Services Limited,https://www.modmountltd.com,0,seychelles_securities_dealers_20260727T044232Z.html,52d319f3653dd58abcd23ac6d9509f06d7c5780765063cb88838dbdf76b468b4
seychelles_securities_dealers,Seychelles,Seychelles FSA,securities-dealer,securities-dealer-156,NAGA Capital Ltd,,0,seychelles_securities_dealers_20260727T044232Z.html,52d319f3653dd58abcd23ac6d9509f06d7c5780765063cb88838dbdf76b468b4
seychelles_securities_dealers,Seychelles,Seychelles FSA,securities-dealer,securities-dealer-1296,Nero Capital LTD,https://www.neromarkets.com,0,seychelles_securities_dealers_20260727T044232Z.html,52d319f3653dd58abcd23ac6d9509f06d7c5780765063cb88838dbdf76b468b4
seychelles_securities_dealers,Seychelles,Seychelles FSA,securities-dealer,securities-dealer-755,Nextmarkets International Ltd,https://www.nextmarkets.global,0,seychelles_securities_dealers_20260727T044232Z.html,52d319f3653dd58abcd23ac6d9509f06d7c5780765063cb88838dbdf76b468b4
seychelles_securities_dealers,Seychelles,Seychelles FSA,securities-dealer,securities-dealer-1484,Nova Partners Limited,https://novapartnersltd.com/,0,seychelles_securities_dealers_20260727T044232Z.html,52d319f3653dd58abcd23ac6d9509f06d7c5780765063cb88838dbdf76b468b4
seychelles_securities_dealers,Seychelles,Seychelles FSA,securities-dealer,securities-dealer-1043,ONE WORLD MARKETS LTD,,0,seychelles_securities_dealers_20260727T044232Z.html,52d319f3653dd58abcd23ac6d9509f06d7c5780765063cb88838dbdf76b468b4
seychelles_securities_dealers,Seychelles,Seychelles FSA,securities-dealer,securities-dealer-1153,Opal Markets Ltd,https://www.opalx.com,0,seychelles_securities_dealers_20260727T044232Z.html,52d319f3653dd58abcd23ac6d9509f06d7c5780765063cb88838dbdf76b468b4
seychelles_securities_dealers,Seychelles,Seychelles FSA,securities-dealer,securities-dealer-835,Orbex Limited,https://www.orbex.com,0,seychelles_securities_dealers_20260727T044232Z.html,52d319f3653dd58abcd23ac6d9509f06d7c5780765063cb88838dbdf76b468b4
seychelles_securities_dealers,Seychelles,Seychelles FSA,securities-dealer,securities-dealer-1301,Oval Ltd,,0,seychelles_securities_dealers_20260727T044232Z.html,52d319f3653dd58abcd23ac6d9509f06d7c5780765063cb88838dbdf76b468b4
seychelles_securities_dealers,Seychelles,Seychelles FSA,securities-dealer,securities-dealer-834,Phoenix Limited,https://www.ltdphoenix.com,0,seychelles_securities_dealers_20260727T044232Z.html,52d319f3653dd58abcd23ac6d9509f06d7c5780765063cb88838dbdf76b468b4
seychelles_securities_dealers,Seychelles,Seychelles FSA,securities-dealer,securities-dealer-162,Plus500SEY Ltd,https://www.plus500.com.sc,0,seychelles_securities_dealers_20260727T044232Z.html,52d319f3653dd58abcd23ac6d9509f06d7c5780765063cb88838dbdf76b468b4
seychelles_securities_dealers,Seychelles,Seychelles FSA,securities-dealer,securities-dealer-1431,PrimeTime Global Markets Limited,,0,seychelles_securities_dealers_20260727T044232Z.html,52d319f3653dd58abcd23ac6d9509f06d7c5780765063cb88838dbdf76b468b4
seychelles_securities_dealers,Seychelles,Seychelles FSA,securities-dealer,securities-dealer-961,PXBT Trading Ltd,,0,seychelles_securities_dealers_20260727T044232Z.html,52d319f3653dd58abcd23ac6d9509f06d7c5780765063cb88838dbdf76b468b4
seychelles_securities_dealers,Seychelles,Seychelles FSA,securities-dealer,securities-dealer-851,R.M.A Financial Services Ltd,,0,seychelles_securities_dealers_20260727T044232Z.html,52d319f3653dd58abcd23ac6d9509f06d7c5780765063cb88838dbdf76b468b4
seychelles_securities_dealers,Seychelles,Seychelles FSA,securities-dealer,securities-dealer-192,Raw Trading Ltd,https://www.icmarkets.sc,0,seychelles_securities_dealers_20260727T044232Z.html,52d319f3653dd58abcd23ac6d9509f06d7c5780765063cb88838dbdf76b468b4
seychelles_securities_dealers,Seychelles,Seychelles FSA,securities-dealer,securities-dealer-1281,RS Finance Ltd,,0,seychelles_securities_dealers_20260727T044232Z.html,52d319f3653dd58abcd23ac6d9509f06d7c5780765063cb88838dbdf76b468b4
seychelles_securities_dealers,Seychelles,Seychelles FSA,securities-dealer,securities-dealer-168,Securcap Securities Limited,,0,seychelles_securities_dealers_20260727T044232Z.html,52d319f3653dd58abcd23ac6d9509f06d7c5780765063cb88838dbdf76b468b4
seychelles_securities_dealers,Seychelles,Seychelles FSA,securities-dealer,securities-dealer-165,SQ Sey Ltd,https://www.sqfin.com,0,seychelles_securities_dealers_20260727T044232Z.html,52d319f3653dd58abcd23ac6d9509f06d7c5780765063cb88838dbdf76b468b4
seychelles_securities_dealers,Seychelles,Seychelles FSA,securities-dealer,securities-dealer-929,Stratos Systems Limited,https://www.tradu.com/en/,0,seychelles_securities_dealers_20260727T044232Z.html,52d319f3653dd58abcd23ac6d9509f06d7c5780765063cb88838dbdf76b468b4
seychelles_securities_dealers,Seychelles,Seychelles FSA,securities-dealer,securities-dealer-705,Taurex Global Limited,https://www.taurexprime.com,0,seychelles_securities_dealers_20260727T044232Z.html,52d319f3653dd58abcd23ac6d9509f06d7c5780765063cb88838dbdf76b468b4
seychelles_securities_dealers,Seychelles,Seychelles FSA,securities-dealer,securities-dealer-181,TGG International Ltd,https://www.tggbroker.com,0,seychelles_securities_dealers_20260727T044232Z.html,52d319f3653dd58abcd23ac6d9509f06d7c5780765063cb88838dbdf76b468b4
seychelles_securities_dealers,Seychelles,Seychelles FSA,securities-dealer,securities-dealer-833,TNFX Ltd,https://www.tnfx.co,0,seychelles_securities_dealers_20260727T044232Z.html,52d319f3653dd58abcd23ac6d9509f06d7c5780765063cb88838dbdf76b468b4
seychelles_securities_dealers,Seychelles,Seychelles FSA,securities-dealer,securities-dealer-588,Topical Wealth International Ltd,https://www.topicalwealth.com,0,seychelles_securities_dealers_20260727T044232Z.html,52d319f3653dd58abcd23ac6d9509f06d7c5780765063cb88838dbdf76b468b4
seychelles_securities_dealers,Seychelles,Seychelles FSA,securities-dealer,securities-dealer-974,Trade i.o. Ltd,,0,seychelles_securities_dealers_20260727T044232Z.html,52d319f3653dd58abcd23ac6d9509f06d7c5780765063cb88838dbdf76b468b4
seychelles_securities_dealers,Seychelles,Seychelles FSA,securities-dealer,securities-dealer-1504,Trade Set Go LTD,,0,seychelles_securities_dealers_20260727T044232Z.html,52d319f3653dd58abcd23ac6d9509f06d7c5780765063cb88838dbdf76b468b4
seychelles_securities_dealers,Seychelles,Seychelles FSA,securities-dealer,securities-dealer-1322,Trademax Global Markets (SE) Limited,,0,seychelles_securities_dealers_20260727T044232Z.html,52d319f3653dd58abcd23ac6d9509f06d7c5780765063cb88838dbdf76b468b4
seychelles_securities_dealers,Seychelles,Seychelles FSA,securities-dealer,securities-dealer-978,Tradeslide Global Ltd,http://www.darwinex.com/,0,seychelles_securities_dealers_20260727T044232Z.html,52d319f3653dd58abcd23ac6d9509f06d7c5780765063cb88838dbdf76b468b4
seychelles_securities_dealers,Seychelles,Seychelles FSA,securities-dealer,securities-dealer-176,Tradexfin Limited,https://www.xmtrading.com,0,seychelles_securities_dealers_20260727T044232Z.html,52d319f3653dd58abcd23ac6d9509f06d7c5780765063cb88838dbdf76b468b4
seychelles_securities_dealers,Seychelles,Seychelles FSA,securities-dealer,securities-dealer-147,Trinota Markets (Global) Limited,https://www.m4markets.com,0,seychelles_securities_dealers_20260727T044232Z.html,52d319f3653dd58abcd23ac6d9509f06d7c5780765063cb88838dbdf76b468b4
seychelles_securities_dealers,Seychelles,Seychelles FSA,securities-dealer,securities-dealer-1327,TTP Ltd,https://www.ttpmarkets.com,0,seychelles_securities_dealers_20260727T044232Z.html,52d319f3653dd58abcd23ac6d9509f06d7c5780765063cb88838dbdf76b468b4
seychelles_securities_dealers,Seychelles,Seychelles FSA,securities-dealer,securities-dealer-194,Valutrades (Seychelles) Limited,https://www.valutrades.com,0,seychelles_securities_dealers_20260727T044232Z.html,52d319f3653dd58abcd23ac6d9509f06d7c5780765063cb88838dbdf76b468b4
seychelles_securities_dealers,Seychelles,Seychelles FSA,securities-dealer,securities-dealer-1125,Ventezo Global Ltd,,0,seychelles_securities_dealers_20260727T044232Z.html,52d319f3653dd58abcd23ac6d9509f06d7c5780765063cb88838dbdf76b468b4
seychelles_securities_dealers,Seychelles,Seychelles FSA,securities-dealer,securities-dealer-1114,WeTrade Capital (Seychelles) Limited,,0,seychelles_securities_dealers_20260727T044232Z.html,52d319f3653dd58abcd23ac6d9509f06d7c5780765063cb88838dbdf76b468b4
seychelles_securities_dealers,Seychelles,Seychelles FSA,securities-dealer,securities-dealer-195,WTG Ltd,https://www.fxcentrum.com,0,seychelles_securities_dealers_20260727T044232Z.html,52d319f3653dd58abcd23ac6d9509f06d7c5780765063cb88838dbdf76b468b4
seychelles_securities_dealers,Seychelles,Seychelles FSA,securities-dealer,securities-dealer-736,XS LTD,https://www.xs.com,0,seychelles_securities_dealers_20260727T044232Z.html,52d319f3653dd58abcd23ac6d9509f06d7c5780765063cb88838dbdf76b468b4
seychelles_securities_dealers,Seychelles,Seychelles FSA,securities-dealer,securities-dealer-1465,ZECRA TRADING LTD,,0,seychelles_securities_dealers_20260727T044232Z.html,52d319f3653dd58abcd23ac6d9509f06d7c5780765063cb88838dbdf76b468b4
seychelles_securities_dealers,Seychelles,Seychelles FSA,securities-dealer,securities-dealer-178,4T Limited,https://www.4t.com,0,seychelles_securities_dealers_20260727T044232Z.html,52d319f3653dd58abcd23ac6d9509f06d7c5780765063cb88838dbdf76b468b4
seychelles_securities_dealers,Seychelles,Seychelles FSA,securities-dealer,securities-dealer-1021,ACG MARKETS LTD,https://www.acg-markets.com,0,seychelles_securities_dealers_20260727T044232Z.html,52d319f3653dd58abcd23ac6d9509f06d7c5780765063cb88838dbdf76b468b4
seychelles_securities_dealers,Seychelles,Seychelles FSA,securities-dealer,securities-dealer-1050,AI FINANCIAL CAPITAL LTD,,0,seychelles_securities_dealers_20260727T044232Z.html,52d319f3653dd58abcd23ac6d9509f06d7c5780765063cb88838dbdf76b468b4
seychelles_securities_dealers,Seychelles,Seychelles FSA,securities-dealer,securities-dealer-1239,ALPHA TRADE LTD,,0,seychelles_securities_dealers_20260727T044232Z.html,52d319f3653dd58abcd23ac6d9509f06d7c5780765063cb88838dbdf76b468b4
seychelles_securities_dealers,Seychelles,Seychelles FSA,securities-dealer,securities-dealer-1093,ASMX PRO (SEYCHELLES) LTD,,0,seychelles_securities_dealers_20260727T044232Z.html,52d319f3653dd58abcd23ac6d9509f06d7c5780765063cb88838dbdf76b468b4
seychelles_securities_dealers,Seychelles,Seychelles FSA,securities-dealer,securities-dealer-151,ATG World Markets Limited,,0,seychelles_securities_dealers_20260727T044232Z.html,52d319f3653dd58abcd23ac6d9509f06d7c5780765063cb88838dbdf76b468b4
seychelles_securities_dealers,Seychelles,Seychelles FSA,securities-dealer,securities-dealer-985,Axion Trade Limited,https://www.axiontrade.net,0,seychelles_securities_dealers_20260727T044232Z.html,52d319f3653dd58abcd23ac6d9509f06d7c5780765063cb88838dbdf76b468b4
seychelles_securities_dealers,Seychelles,Seychelles FSA,securities-dealer,securities-dealer-1101,B2B Prime Services SC Ltd,https://b2prime.com,0,seychelles_securities_dealers_20260727T044232Z.html,52d319f3653dd58abcd23ac6d9509f06d7c5780765063cb88838dbdf76b468b4
seychelles_securities_dealers,Seychelles,Seychelles FSA,securities-dealer,securities-dealer-840,BAZ Capital Markets Ltd,https://www.baazex.com,0,seychelles_securities_dealers_20260727T044232Z.html,52d319f3653dd58abcd23ac6d9509f06d7c5780765063cb88838dbdf76b468b4
seychelles_securities_dealers,Seychelles,Seychelles FSA,securities-dealer,securities-dealer-787,Best Leader International (SYC) Limited,,0,seychelles_securities_dealers_20260727T044232Z.html,52d319f3653dd58abcd23ac6d9509f06d7c5780765063cb88838dbdf76b468b4
seychelles_securities_dealers,Seychelles,Seychelles FSA,securities-dealer,securities-dealer-976,Brisk Markets Ltd,http://www.briskmarkets.net/,0,seychelles_securities_dealers_20260727T044232Z.html,52d319f3653dd58abcd23ac6d9509f06d7c5780765063cb88838dbdf76b468b4
seychelles_securities_dealers,Seychelles,Seychelles FSA,securities-dealer,securities-dealer-1227,CAVEO FX LIMITED,https://caveofx.com,0,seychelles_securities_dealers_20260727T044232Z.html,52d319f3653dd58abcd23ac6d9509f06d7c5780765063cb88838dbdf76b468b4
seychelles_securities_dealers,Seychelles,Seychelles FSA,securities-dealer,securities-dealer-939,Connext Ltd,https://www.connextfx.com,0,seychelles_securities_dealers_20260727T044232Z.html,52d319f3653dd58abcd23ac6d9509f06d7c5780765063cb88838dbdf76b468b4
seychelles_securities_dealers,Seychelles,Seychelles FSA,securities-dealer,securities-dealer-742,D1 Securities Wealth Management & Investments Limited,,0,seychelles_securities_dealers_20260727T044232Z.html,52d319f3653dd58abcd23ac6d9509f06d7c5780765063cb88838dbdf76b468b4
seychelles_securities_dealers,Seychelles,Seychelles FSA,securities-dealer,securities-dealer-487,Doto International Ltd,https://www.doto.com,0,seychelles_securities_dealers_20260727T044232Z.html,52d319f3653dd58abcd23ac6d9509f06d7c5780765063cb88838dbdf76b468b4
seychelles_securities_dealers,Seychelles,Seychelles FSA,securities-dealer,securities-dealer-933,ECONNEX LTD,,0,seychelles_securities_dealers_20260727T044232Z.html,52d319f3653dd58abcd23ac6d9509f06d7c5780765063cb88838dbdf76b468b4
seychelles_securities_dealers,Seychelles,Seychelles FSA,securities-dealer,securities-dealer-888,Eliprime Finance Limited,https://www.eliprime.com,0,seychelles_securities_dealers_20260727T044232Z.html,52d319f3653dd58abcd23ac6d9509f06d7c5780765063cb88838dbdf76b468b4
seychelles_securities_dealers,Seychelles,Seychelles FSA,securities-dealer,securities-dealer-1029,Equitex Capital Limited,https://www.Bullwaves.com,0,seychelles_securities_dealers_20260727T044232Z.html,52d319f3653dd58abcd23ac6d9509f06d7c5780765063cb88838dbdf76b468b4
seychelles_securities_dealers,Seychelles,Seychelles FSA,securities-dealer,securities-dealer-485,ETO MARKETS LIMITED,https://www.eto.group,0,seychelles_securities_dealers_20260727T044232Z.html,52d319f3653dd58abcd23ac6d9509f06d7c5780765063cb88838dbdf76b468b4
seychelles_securities_dealers,Seychelles,Seychelles FSA,securities-dealer,securities-dealer-671,Evalanch Ltd,https://www.10tradefx.com,0,seychelles_securities_dealers_20260727T044232Z.html,52d319f3653dd58abcd23ac6d9509f06d7c5780765063cb88838dbdf76b468b4
seychelles_securities_dealers,Seychelles,Seychelles FSA,securities-dealer,securities-dealer-1421,EXELIUM GLOBAL LTD,https://www.exeliumglobal.com,0,seychelles_securities_dealers_20260727T044232Z.html,52d319f3653dd58abcd23ac6d9509f06d7c5780765063cb88838dbdf76b468b4
seychelles_securities_dealers,Seychelles,Seychelles FSA,securities-dealer,securities-dealer-1215,FDR Markets Ltd,,0,seychelles_securities_dealers_20260727T044232Z.html,52d319f3653dd58abcd23ac6d9509f06d7c5780765063cb88838dbdf76b468b4
seychelles_securities_dealers,Seychelles,Seychelles FSA,securities-dealer,securities-dealer-814,First Interstellar Global Ltd,https://www.interstellarfx.sc,0,seychelles_securities_dealers_20260727T044232Z.html,52d319f3653dd58abcd23ac6d9509f06d7c5780765063cb88838dbdf76b468b4
seychelles_securities_dealers,Seychelles,Seychelles FSA,securities-dealer,securities-dealer-1442,FORACON Markets Ltd,https://www.foracon.com,0,seychelles_securities_dealers_20260727T044232Z.html,52d319f3653dd58abcd23ac6d9509f06d7c5780765063cb88838dbdf76b468b4
seychelles_securities_dealers,Seychelles,Seychelles FSA,securities-dealer,securities-dealer-182,FX Capital Ltd,https://www.go4rex.com,0,seychelles_securities_dealers_20260727T044232Z.html,52d319f3653dd58abcd23ac6d9509f06d7c5780765063cb88838dbdf76b468b4
seychelles_securities_dealers,Seychelles,Seychelles FSA,securities-dealer,securities-dealer-722,FXON Ltd,https://fxon.com/,0,seychelles_securities_dealers_20260727T044232Z.html,52d319f3653dd58abcd23ac6d9509f06d7c5780765063cb88838dbdf76b468b4
seychelles_securities_dealers,Seychelles,Seychelles FSA,securities-dealer,securities-dealer-547,GCMT Limited,https://www.cmtrading.com,0,seychelles_securities_dealers_20260727T044232Z.html,52d319f3653dd58abcd23ac6d9509f06d7c5780765063cb88838dbdf76b468b4
seychelles_securities_dealers,Seychelles,Seychelles FSA,securities-dealer,securities-dealer-864,Goliath Trading Limited,,0,seychelles_securities_dealers_20260727T044232Z.html,52d319f3653dd58abcd23ac6d9509f06d7c5780765063cb88838dbdf76b468b4
seychelles_securities_dealers,Seychelles,Seychelles FSA,securities-dealer,securities-dealer-199,Gulf Brokers Ltd,https://www.alpho.com,0,seychelles_securities_dealers_20260727T044232Z.html,52d319f3653dd58abcd23ac6d9509f06d7c5780765063cb88838dbdf76b468b4
seychelles_securities_dealers,Seychelles,Seychelles FSA,securities-dealer,securities-dealer-1210,Harmovest Capital (Seychelles) Ltd,http://www.hmvest.sc,0,seychelles_securities_dealers_20260727T044232Z.html,52d319f3653dd58abcd23ac6d9509f06d7c5780765063cb88838dbdf76b468b4
seychelles_securities_dealers,Seychelles,Seychelles FSA,securities-dealer,securities-dealer-188,HSN Capital Group Ltd,https://www.alvexo.com,0,seychelles_securities_dealers_20260727T044232Z.html,52d319f3653dd58abcd23ac6d9509f06d7c5780765063cb88838dbdf76b468b4
seychelles_securities_dealers,Seychelles,Seychelles FSA,securities-dealer,securities-dealer-769,Innovative Market Partner Holdings Limited,,0,seychelles_securities_dealers_20260727T044232Z.html,52d319f3653dd58abcd23ac6d9509f06d7c5780765063cb88838dbdf76b468b4
seychelles_securities_dealers,Seychelles,Seychelles FSA,securities-dealer,securities-dealer-958,INZO GROUP LTD,,0,seychelles_securities_dealers_20260727T044232Z.html,52d319f3653dd58abcd23ac6d9509f06d7c5780765063cb88838dbdf76b468b4
seychelles_securities_dealers,Seychelles,Seychelles FSA,securities-dealer,securities-dealer-730,Just Global Markets Ltd.,https://www.justmarkets.com,0,seychelles_securities_dealers_20260727T044232Z.html,52d319f3653dd58abcd23ac6d9509f06d7c5780765063cb88838dbdf76b468b4
seychelles_securities_dealers,Seychelles,Seychelles FSA,securities-dealer,securities-dealer-893,KQ Markets International Limited,https://www.kqmarkets.com,0,seychelles_securities_dealers_20260727T044232Z.html,52d319f3653dd58abcd23ac6d9509f06d7c5780765063cb88838dbdf76b468b4
seychelles_securities_dealers,Seychelles,Seychelles FSA,securities-dealer,securities-dealer-1330,LEGACY CAPITAL LTD,https://www.wbinvest.com,0,seychelles_securities_dealers_20260727T044232Z.html,52d319f3653dd58abcd23ac6d9509f06d7c5780765063cb88838dbdf76b468b4
seychelles_securities_dealers,Seychelles,Seychelles FSA,securities-dealer,securities-dealer-911,Littlebee Securities Ltd,https://www.littlebee.sc,0,seychelles_securities_dealers_20260727T044232Z.html,52d319f3653dd58abcd23ac6d9509f06d7c5780765063cb88838dbdf76b468b4
seychelles_securities_dealers,Seychelles,Seychelles FSA,securities-dealer,securities-dealer-1025,Magic Compass Global Ltd,,0,seychelles_securities_dealers_20260727T044232Z.html,52d319f3653dd58abcd23ac6d9509f06d7c5780765063cb88838dbdf76b468b4
seychelles_securities_dealers,Seychelles,Seychelles FSA,securities-dealer,securities-dealer-160,Marketfinancials Limited,https://www.xbprime.com,0,seychelles_securities_dealers_20260727T044232Z.html,52d319f3653dd58abcd23ac6d9509f06d7c5780765063cb88838dbdf76b468b4
seychelles_securities_dealers,Seychelles,Seychelles FSA,securities-dealer,securities-dealer-1139,MB Group (Seychelles) Ltd,https://www.mex-d.com,0,seychelles_securities_dealers_20260727T044232Z.html,52d319f3653dd58abcd23ac6d9509f06d7c5780765063cb88838dbdf76b468b4
seychelles_securities_dealers,Seychelles,Seychelles FSA,securities-dealer,securities-dealer-196,MILTON GLOBAL LTD,https://www.miltonprime.com,0,seychelles_securities_dealers_20260727T044232Z.html,52d319f3653dd58abcd23ac6d9509f06d7c5780765063cb88838dbdf76b468b4
seychelles_securities_dealers,Seychelles,Seychelles FSA,securities-dealer,securities-dealer-887,Moneta Markets Ltd,https://www.monetamarkets.sc,0,seychelles_securities_dealers_20260727T044232Z.html,52d319f3653dd58abcd23ac6d9509f06d7c5780765063cb88838dbdf76b468b4
seychelles_securities_dealers,Seychelles,Seychelles FSA,securities-dealer,securities-dealer-901,NAGM(S) Limited,,0,seychelles_securities_dealers_20260727T044232Z.html,52d319f3653dd58abcd23ac6d9509f06d7c5780765063cb88838dbdf76b468b4
seychelles_securities_dealers,Seychelles,Seychelles FSA,securities-dealer,securities-dealer-827,Nexify Capital Limited,https://www.ctzmarkets.com,0,seychelles_securities_dealers_20260727T044232Z.html,52d319f3653dd58abcd23ac6d9509f06d7c5780765063cb88838dbdf76b468b4
seychelles_securities_dealers,Seychelles,Seychelles FSA,securities-dealer,securities-dealer-1362,Niu Limited,https://www.niubroker.com,0,seychelles_securities_dealers_20260727T044232Z.html,52d319f3653dd58abcd23ac6d9509f06d7c5780765063cb88838dbdf76b468b4
seychelles_securities_dealers,Seychelles,Seychelles FSA,securities-dealer,securities-dealer-951,Nuvega Limited,https://nuvegacapital.com,0,seychelles_securities_dealers_20260727T044232Z.html,52d319f3653dd58abcd23ac6d9509f06d7c5780765063cb88838dbdf76b468b4
seychelles_securities_dealers,Seychelles,Seychelles FSA,securities-dealer,securities-dealer-924,OnEquity Ltd,https://onequity.com,0,seychelles_securities_dealers_20260727T044232Z.html,52d319f3653dd58abcd23ac6d9509f06d7c5780765063cb88838dbdf76b468b4
seychelles_securities_dealers,Seychelles,Seychelles FSA,securities-dealer,securities-dealer-794,Opo Group Ltd,https://www.opofinance.com,0,seychelles_securities_dealers_20260727T044232Z.html,52d319f3653dd58abcd23ac6d9509f06d7c5780765063cb88838dbdf76b468b4
seychelles_securities_dealers,Seychelles,Seychelles FSA,securities-dealer,securities-dealer-968,ORBI TRADE INTERNATIONAL,,0,seychelles_securities_dealers_20260727T044232Z.html,52d319f3653dd58abcd23ac6d9509f06d7c5780765063cb88838dbdf76b468b4
seychelles_securities_dealers,Seychelles,Seychelles FSA,securities-dealer,securities-dealer-777,Pepperstone International Markets Limited,https://www.pepperstone.com,0,seychelles_securities_dealers_20260727T044232Z.html,52d319f3653dd58abcd23ac6d9509f06d7c5780765063cb88838dbdf76b468b4
seychelles_securities_dealers,Seychelles,Seychelles FSA,securities-dealer,securities-dealer-169,PKF Capital Markets (Seychelles) Limited,https://www.pkf.sc,0,seychelles_securities_dealers_20260727T044232Z.html,52d319f3653dd58abcd23ac6d9509f06d7c5780765063cb88838dbdf76b468b4
seychelles_securities_dealers,Seychelles,Seychelles FSA,securities-dealer,securities-dealer-969,Pocket Trader (Seychelles) Limited,https://www.pocket-trader.com,0,seychelles_securities_dealers_20260727T044232Z.html,52d319f3653dd58abcd23ac6d9509f06d7c5780765063cb88838dbdf76b468b4
seychelles_securities_dealers,Seychelles,Seychelles FSA,securities-dealer,securities-dealer-1417,Prometheus Markets Ltd,,0,seychelles_securities_dealers_20260727T044232Z.html,52d319f3653dd58abcd23ac6d9509f06d7c5780765063cb88838dbdf76b468b4
seychelles_securities_dealers,Seychelles,Seychelles FSA,securities-dealer,securities-dealer-163,Quantix FS Ltd,https://www.quantixfs.com,0,seychelles_securities_dealers_20260727T044232Z.html,52d319f3653dd58abcd23ac6d9509f06d7c5780765063cb88838dbdf76b468b4
seychelles_securities_dealers,Seychelles,Seychelles FSA,securities-dealer,securities-dealer-1475,RADEX MARKETS LTD,https://www.radexmarkets.com/,0,seychelles_securities_dealers_20260727T044232Z.html,52d319f3653dd58abcd23ac6d9509f06d7c5780765063cb88838dbdf76b468b4
seychelles_securities_dealers,Seychelles,Seychelles FSA,securities-dealer,securities-dealer-193,RoboMarkets Ltd,https://www.robomarkets.com,0,seychelles_securities_dealers_20260727T044232Z.html,52d319f3653dd58abcd23ac6d9509f06d7c5780765063cb88838dbdf76b468b4
seychelles_securities_dealers,Seychelles,Seychelles FSA,securities-dealer,securities-dealer-983,SANABIL CAPITAL LTD,https://www.sanabilcapital.com,0,seychelles_securities_dealers_20260727T044232Z.html,52d319f3653dd58abcd23ac6d9509f06d7c5780765063cb88838dbdf76b468b4
seychelles_securities_dealers,Seychelles,Seychelles FSA,securities-dealer,securities-dealer-190,Smarttool Trading SC Limited,https://www.smarttoolsc.com,0,seychelles_securities_dealers_20260727T044232Z.html,52d319f3653dd58abcd23ac6d9509f06d7c5780765063cb88838dbdf76b468b4
seychelles_securities_dealers,Seychelles,Seychelles FSA,securities-dealer,securities-dealer-197,STARTRADER LIMITED,https://www.startrader.com,0,seychelles_securities_dealers_20260727T044232Z.html,52d319f3653dd58abcd23ac6d9509f06d7c5780765063cb88838dbdf76b468b4
seychelles_securities_dealers,Seychelles,Seychelles FSA,securities-dealer,securities-dealer-892,Sun Capital Markets Ltd,https://www.supremefxtrading.com,0,seychelles_securities_dealers_20260727T044232Z.html,52d319f3653dd58abcd23ac6d9509f06d7c5780765063cb88838dbdf76b468b4
seychelles_securities_dealers,Seychelles,Seychelles FSA,securities-dealer,securities-dealer-953,Teleport Brokers Ltd,https://teleportbrokers.com/en,0,seychelles_securities_dealers_20260727T044232Z.html,52d319f3653dd58abcd23ac6d9509f06d7c5780765063cb88838dbdf76b468b4
seychelles_securities_dealers,Seychelles,Seychelles FSA,securities-dealer,securities-dealer-191,Tickmill Ltd,https://www.tickmill.com,0,seychelles_securities_dealers_20260727T044232Z.html,52d319f3653dd58abcd23ac6d9509f06d7c5780765063cb88838dbdf76b468b4
seychelles_securities_dealers,Seychelles,Seychelles FSA,securities-dealer,securities-dealer-999,TOB TRADING LTD,https://www.tradingsphere.com,0,seychelles_securities_dealers_20260727T044232Z.html,52d319f3653dd58abcd23ac6d9509f06d7c5780765063cb88838dbdf76b468b4
seychelles_securities_dealers,Seychelles,Seychelles FSA,securities-dealer,securities-dealer-779,Topline Limited,https://www.topline.limited,0,seychelles_securities_dealers_20260727T044232Z.html,52d319f3653dd58abcd23ac6d9509f06d7c5780765063cb88838dbdf76b468b4
seychelles_securities_dealers,Seychelles,Seychelles FSA,securities-dealer,securities-dealer-922,TRADE NATION FINANCIAL MARKETS LIMITED,https://www.tradenation.com,0,seychelles_securities_dealers_20260727T044232Z.html,52d319f3653dd58abcd23ac6d9509f06d7c5780765063cb88838dbdf76b468b4
seychelles_securities_dealers,Seychelles,Seychelles FSA,securities-dealer,securities-dealer-795,Trade View Technologies Ltd,https://www.tradeview.tech,0,seychelles_securities_dealers_20260727T044232Z.html,52d319f3653dd58abcd23ac6d9509f06d7c5780765063cb88838dbdf76b468b4
seychelles_securities_dealers,Seychelles,Seychelles FSA,securities-dealer,securities-dealer-870,Traders Trust Ltd,https://www.traders-trust.com,0,seychelles_securities_dealers_20260727T044232Z.html,52d319f3653dd58abcd23ac6d9509f06d7c5780765063cb88838dbdf76b468b4
seychelles_securities_dealers,Seychelles,Seychelles FSA,securities-dealer,securities-dealer-1419,TradeUltra Limited,,0,seychelles_securities_dealers_20260727T044232Z.html,52d319f3653dd58abcd23ac6d9509f06d7c5780765063cb88838dbdf76b468b4
seychelles_securities_dealers,Seychelles,Seychelles FSA,securities-dealer,securities-dealer-975,TradingDynamix Ltd,,0,seychelles_securities_dealers_20260727T044232Z.html,52d319f3653dd58abcd23ac6d9509f06d7c5780765063cb88838dbdf76b468b4
seychelles_securities_dealers,Seychelles,Seychelles FSA,securities-dealer,securities-dealer-543,Trive Global Ltd,https://www.trive.com,0,seychelles_securities_dealers_20260727T044232Z.html,52d319f3653dd58abcd23ac6d9509f06d7c5780765063cb88838dbdf76b468b4
seychelles_securities_dealers,Seychelles,Seychelles FSA,securities-dealer,securities-dealer-1433,Unicorn Technologies Limited,https://unicorntechnologies.io,0,seychelles_securities_dealers_20260727T044232Z.html,52d319f3653dd58abcd23ac6d9509f06d7c5780765063cb88838dbdf76b468b4
seychelles_securities_dealers,Seychelles,Seychelles FSA,securities-dealer,securities-dealer-1435,VCG Markets (Seychelles) Limited,,0,seychelles_securities_dealers_20260727T044232Z.html,52d319f3653dd58abcd23ac6d9509f06d7c5780765063cb88838dbdf76b468b4
seychelles_securities_dealers,Seychelles,Seychelles FSA,securities-dealer,securities-dealer-815,VIE FINANCE SEY LTD,https://www.viefinancesey.com,0,seychelles_securities_dealers_20260727T044232Z.html,52d319f3653dd58abcd23ac6d9509f06d7c5780765063cb88838dbdf76b468b4
seychelles_securities_dealers,Seychelles,Seychelles FSA,securities-dealer,securities-dealer-544,Windsor Brokers International Ltd,https://www.windsorbrokers.com,0,seychelles_securities_dealers_20260727T044232Z.html,52d319f3653dd58abcd23ac6d9509f06d7c5780765063cb88838dbdf76b468b4
seychelles_securities_dealers,Seychelles,Seychelles FSA,securities-dealer,securities-dealer-971,XBTFX (SC) Limited,https://xbtfx.io,0,seychelles_securities_dealers_20260727T044232Z.html,52d319f3653dd58abcd23ac6d9509f06d7c5780765063cb88838dbdf76b468b4
seychelles_securities_dealers,Seychelles,Seychelles FSA,securities-dealer,securities-dealer-926,XTB SC LIMITED,https://ir.xtb.com/en/,0,seychelles_securities_dealers_20260727T044232Z.html,52d319f3653dd58abcd23ac6d9509f06d7c5780765063cb88838dbdf76b468b4
seychelles_securities_dealers,Seychelles,Seychelles FSA,securities-dealer,securities-dealer-1229,ZX Capital Markets Ltd,https://zxcm.com,0,seychelles_securities_dealers_20260727T044232Z.html,52d319f3653dd58abcd23ac6d9509f06d7c5780765063cb88838dbdf76b468b4
seychelles_securities_dealers,Seychelles,Seychelles FSA,investment-advisor,investment-advisor-553,CABOTO INVESTMENTS LTD,,0,seychelles_securities_dealers_20260727T044232Z.html,52d319f3653dd58abcd23ac6d9509f06d7c5780765063cb88838dbdf76b468b4
seychelles_securities_dealers,Seychelles,Seychelles FSA,investment-advisor,investment-advisor-146,Peter Pesic & Co Securities (Seychelles) Limited,,0,seychelles_securities_dealers_20260727T044232Z.html,52d319f3653dd58abcd23ac6d9509f06d7c5780765063cb88838dbdf76b468b4
